[2025-07-02 10:49:08,111] INFO] Starting fetch for api....]
[2025-07-02 10:49:10,182] INFO] Fetching the Page 1 -> 200 -> https://newsapi.org/v2/everything?q=bitcoin&page_size=20&page=1&apiKey=fd5dd9059e6c423ab6d91ea447f2e72d ]
[2025-07-02 10:49:10,187] INFO] Page 1 : Retrived 100 articles.]
[2025-07-02 10:49:11,996] INFO] Fetching the Page 2 -> 200 -> https://newsapi.org/v2/everything?q=bitcoin&page_size=20&page=2&apiKey=fd5dd9059e6c423ab6d91ea447f2e72d ]
[2025-07-02 10:49:12,000] INFO] Page 2 : Retrived 100 articles.]
[2025-07-02 10:49:12,647] INFO] Fetching the Page 3 -> 200 -> https://newsapi.org/v2/everything?q=bitcoin&page_size=20&page=3&apiKey=fd5dd9059e6c423ab6d91ea447f2e72d ]
[2025-07-02 10:49:12,651] INFO] Page 3 : Retrived 99 articles.]
[2025-07-02 10:49:13,092] INFO] Fetching the Page 4 -> 200 -> https://newsapi.org/v2/everything?q=bitcoin&page_size=20&page=4&apiKey=fd5dd9059e6c423ab6d91ea447f2e72d ]
[2025-07-02 10:49:13,095] INFO] Page 4 : Retrived 100 articles.]
[2025-07-02 10:49:14,040] INFO] Fetching the Page 5 -> 200 -> https://newsapi.org/v2/everything?q=bitcoin&page_size=20&page=5&apiKey=fd5dd9059e6c423ab6d91ea447f2e72d ]
[2025-07-02 10:49:14,042] INFO] Page 5 : Retrived 97 articles.]
[2025-07-02 10:49:14,042] INFO] Total Fetched Articles are 496]
[2025-07-02 10:49:14,045] INFO] Saved article to queue\05424bfc-19a1-4e2f-bb66-7b61b5cfeadf.json]
[2025-07-02 10:49:14,047] INFO] Saved article to queue\421bdbdf-13d8-4591-ba25-a7c50b9b9f80.json]
[2025-07-02 10:49:14,049] INFO] Saved article to queue\b8b62d53-d98c-4c4e-b563-4c0d1effd34a.json]
[2025-07-02 10:49:14,051] INFO] Saved article to queue\8e287a00-df67-4bb5-a831-33f15f25c3eb.json]
[2025-07-02 10:49:14,052] INFO] Saved article to queue\0a242122-40f5-41c7-87a8-7d48a1f08469.json]
[2025-07-02 10:49:14,054] INFO] Saved article to queue\88594432-2683-4030-9243-ca7f5a12141b.json]
[2025-07-02 10:49:14,055] INFO] Saved article to queue\810bf544-9fba-4b64-85ed-2d14dc618b60.json]
[2025-07-02 10:49:14,056] INFO] Saved article to queue\9898d8b2-e554-45be-9d00-451d9eaefe12.json]
[2025-07-02 10:49:14,058] INFO] Saved article to queue\f8a93607-bbd2-459f-b5ec-736cc39e71b7.json]
[2025-07-02 10:49:14,059] INFO] Saved article to queue\4c8abd0f-71ee-4d54-a1e8-2fd3e8051b15.json]
[2025-07-02 10:49:14,061] INFO] Saved article to queue\0fe29bf7-3a89-400e-a975-8eddfb3fe774.json]
[2025-07-02 10:49:14,062] INFO] Saved article to queue\39f470a9-06eb-4c30-a281-24e77056565b.json]
[2025-07-02 10:49:14,063] INFO] Saved article to queue\c2174d2c-d0dd-4b7f-baca-99d29a7c7730.json]
[2025-07-02 10:49:14,064] INFO] Saved article to queue\74f4d62c-d9a3-4e1d-aec5-858c73f21718.json]
[2025-07-02 10:49:14,066] INFO] Saved article to queue\47ad191d-0852-47dc-9383-8d0a9f677b00.json]
[2025-07-02 10:49:14,068] INFO] Saved article to queue\1d5139b3-e67b-46b8-aa5c-dc46ca97b76e.json]
[2025-07-02 10:49:14,069] INFO] Saved article to queue\9a7331f1-ea87-48b9-8746-8b30bf8c7726.json]
[2025-07-02 10:49:14,071] INFO] Saved article to queue\0ee982e2-b67d-40b3-b3dd-95efbd27f37f.json]
[2025-07-02 10:49:14,072] INFO] Saved article to queue\790101ea-c8c8-4ebb-a69a-cb1f2bdb5c19.json]
[2025-07-02 10:49:14,074] INFO] Saved article to queue\76c15c4e-02b7-4ff6-9a2f-a48a098e0612.json]
[2025-07-02 10:49:14,075] INFO] Saved article to queue\28d5a631-0808-4412-abb2-d941bbd08619.json]
[2025-07-02 10:49:14,076] INFO] Saved article to queue\6de92ead-9265-4d36-916a-5a6d6646899d.json]
[2025-07-02 10:49:14,077] INFO] Saved article to queue\870f9224-787e-4b73-9128-5ad67f35319d.json]
[2025-07-02 10:49:14,079] INFO] Saved article to queue\b663c2e5-288b-4a8d-bad0-0df69ef1148d.json]
[2025-07-02 10:49:14,080] INFO] Saved article to queue\060077e5-d8ad-4015-9a6d-374f43f94c8c.json]
[2025-07-02 10:49:14,081] INFO] Saved article to queue\a40f96b6-18dc-4f2c-ae1e-eb4efba6396a.json]
[2025-07-02 10:49:14,083] INFO] Saved article to queue\cb86a799-99ff-4a18-a647-69534ef2b868.json]
[2025-07-02 10:49:14,084] INFO] Saved article to queue\7193c421-70d4-4a87-9c8d-17bfb4ca6cce.json]
[2025-07-02 10:49:14,085] INFO] Saved article to queue\408ebf61-3128-48f8-ad5b-042d6e4778ae.json]
[2025-07-02 10:49:14,086] INFO] Saved article to queue\6189d3c4-668e-4fab-bb0c-3952fe08198c.json]
[2025-07-02 10:49:14,087] INFO] Saved article to queue\70af95c9-a18e-43c9-b50f-5f00c26223f6.json]
[2025-07-02 10:49:14,088] INFO] Saved article to queue\2f37d730-71cb-40c9-bc5d-dd86d0193772.json]
[2025-07-02 10:49:14,089] INFO] Saved article to queue\21533d52-e02c-4595-af75-a1f7649aa9ca.json]
[2025-07-02 10:49:14,090] INFO] Saved article to queue\4c5bb674-6dca-413a-99a7-697f90390b0a.json]
[2025-07-02 10:49:14,091] INFO] Saved article to queue\c4908b0a-c841-415a-aa94-3880ef95fd1a.json]
[2025-07-02 10:49:14,092] INFO] Saved article to queue\8e21037f-c1f9-496d-9a3d-1d432828b1bb.json]
[2025-07-02 10:49:14,093] INFO] Saved article to queue\a71350d3-662a-45cd-aac6-5991d6a9aae9.json]
[2025-07-02 10:49:14,094] INFO] Saved article to queue\23bfe229-7d11-4a01-8a45-e19c992a7617.json]
[2025-07-02 10:49:14,095] INFO] Saved article to queue\1880d6b7-2c8b-4a01-8653-8ad604e9e221.json]
[2025-07-02 10:49:14,096] INFO] Saved article to queue\7af198bd-6b1d-4357-a9da-846a633b39fd.json]
[2025-07-02 10:49:14,097] INFO] Saved article to queue\84aab8d1-233d-4194-9534-0f3a7ed1df02.json]
[2025-07-02 10:49:14,097] INFO] Saved article to queue\de8e26dd-4e05-4b93-ad9c-c8b0d84ecf57.json]
[2025-07-02 10:49:14,099] INFO] Saved article to queue\1ffe3a51-920d-4e2d-a4d6-19f6418aa2a9.json]
[2025-07-02 10:49:14,100] INFO] Saved article to queue\ea5660b1-92ea-4c55-8a55-b778fea60730.json]
[2025-07-02 10:49:14,101] INFO] Saved article to queue\fcbd1f98-f7dd-4c37-9c68-5f0b06d017f4.json]
[2025-07-02 10:49:14,102] INFO] Saved article to queue\d453dfc0-ceb6-4859-90da-3f92b20500e4.json]
[2025-07-02 10:49:14,103] INFO] Saved article to queue\5e2a1bb5-214e-4c55-be4f-4bd7118ac682.json]
[2025-07-02 10:49:14,104] INFO] Saved article to queue\91a7327a-a3c3-4df8-b8ed-f94d6ca0477d.json]
[2025-07-02 10:49:14,106] INFO] Saved article to queue\222d3c15-55b1-4d23-9db0-5d931bd411fe.json]
[2025-07-02 10:49:14,107] INFO] Saved article to queue\6bb64edd-4263-4b47-b87c-8c6a04362b1b.json]
[2025-07-02 10:49:14,107] INFO] Saved article to queue\32e2b20d-dc72-420f-a2bf-05f6fc6fe2e0.json]
[2025-07-02 10:49:14,109] INFO] Saved article to queue\727063d5-7e01-405a-9b5c-5fd11f4c625e.json]
[2025-07-02 10:49:14,110] INFO] Saved article to queue\d6fc486b-643d-4207-a6c7-86d9be66e55c.json]
[2025-07-02 10:49:14,111] INFO] Saved article to queue\ec827912-3f5f-444f-830a-a94bcc09d1e7.json]
[2025-07-02 10:49:14,112] INFO] Saved article to queue\81c3ec8d-1837-4d26-8d68-93454c9ec0bc.json]
[2025-07-02 10:49:14,113] INFO] Saved article to queue\6b7b2d41-fa6b-4c88-be3f-21e8014ab2bb.json]
[2025-07-02 10:49:14,114] INFO] Saved article to queue\ff7f230a-eab4-4d5d-b094-ec909b9f576f.json]
[2025-07-02 10:49:14,115] INFO] Saved article to queue\c4c6e2bd-d688-425c-85d1-78cdfc4b988c.json]
[2025-07-02 10:49:14,116] INFO] Saved article to queue\eb61a42f-a3db-4c8f-b291-c4ac058edd96.json]
[2025-07-02 10:49:14,117] INFO] Saved article to queue\3c317036-5bba-4595-be3d-73ebe8996ebc.json]
[2025-07-02 10:49:14,118] INFO] Saved article to queue\3b3a88cb-2619-4677-8918-8a6954a3fefc.json]
[2025-07-02 10:49:14,119] INFO] Saved article to queue\224ca012-be34-4950-9094-4d15e950a2aa.json]
[2025-07-02 10:49:14,120] INFO] Saved article to queue\47110e77-7a17-4f3a-82f3-933d6185da21.json]
[2025-07-02 10:49:14,121] INFO] Saved article to queue\7e0dfdc9-832f-457a-8f4f-9c7444d5cb57.json]
[2025-07-02 10:49:14,122] INFO] Saved article to queue\9b0aaf8b-682a-4d4a-bcbd-b56e0e2aef8a.json]
[2025-07-02 10:49:14,123] INFO] Saved article to queue\3455b824-0a94-482e-bff1-5d9b5478eef0.json]
[2025-07-02 10:49:14,124] INFO] Saved article to queue\645d532e-34c1-46fc-a070-019d2ba3a06f.json]
[2025-07-02 10:49:14,125] INFO] Saved article to queue\8391fb65-495b-4054-9cdb-a33bdf350ce0.json]
[2025-07-02 10:49:14,126] INFO] Saved article to queue\629e20b6-0883-420f-8a8c-57e0e9257a11.json]
[2025-07-02 10:49:14,126] INFO] Saved article to queue\5faaafb6-3d30-40bb-a7e3-6141b12d0dfd.json]
[2025-07-02 10:49:14,127] INFO] Saved article to queue\2ea649f9-06cb-47da-ab78-caedab858edb.json]
[2025-07-02 10:49:14,128] INFO] Saved article to queue\51388e21-f8db-45cb-becb-e7a461242f35.json]
[2025-07-02 10:49:14,129] INFO] Saved article to queue\8cfe84df-fefa-4e86-b310-cc0d2ae6e64f.json]
[2025-07-02 10:49:14,129] INFO] Saved article to queue\6bd3d12e-4f24-44f6-a509-a62d0a75fc73.json]
[2025-07-02 10:49:14,131] INFO] Saved article to queue\2d8f2db7-e312-453c-b94f-a7e5914cc1ab.json]
[2025-07-02 10:49:14,132] INFO] Saved article to queue\11ae878d-6bbf-4379-99b5-6cd630ede63b.json]
[2025-07-02 10:49:14,132] INFO] Saved article to queue\d06d39d4-640a-4f7e-ab48-dd2272bbc2e1.json]
[2025-07-02 10:49:14,133] INFO] Saved article to queue\f2ebd611-d675-466e-97c3-85666f899433.json]
[2025-07-02 10:49:14,134] INFO] Saved article to queue\27a71faf-31b8-48c7-b40a-a3ec7c419414.json]
[2025-07-02 10:49:14,135] INFO] Saved article to queue\ba5c98fe-61f2-4ab1-bafa-bdac1d8a8edd.json]
[2025-07-02 10:49:14,136] INFO] Saved article to queue\1bbef6f9-5091-486d-a3ab-3a8148b898f9.json]
[2025-07-02 10:49:14,137] INFO] Saved article to queue\4756fbdc-4ec4-4e12-9ec8-7120c8af3c3e.json]
[2025-07-02 10:49:14,138] INFO] Saved article to queue\6e22fe90-d6da-4bd3-a190-0e389fd907d5.json]
[2025-07-02 10:49:14,139] INFO] Saved article to queue\43d0a357-acbd-4fad-a5e8-b7259eaec2d7.json]
[2025-07-02 10:49:14,139] INFO] Saved article to queue\cd40432b-e3c0-4a30-91ee-f61435c97b6f.json]
[2025-07-02 10:49:14,140] INFO] Saved article to queue\8df30285-daea-4db9-8348-eb26c9512472.json]
[2025-07-02 10:49:14,141] INFO] Saved article to queue\66a018dd-9649-4757-b806-af8646603553.json]
[2025-07-02 10:49:14,142] INFO] Saved article to queue\0fca3678-8f75-42e8-b6ac-a2bf591c4507.json]
[2025-07-02 10:49:14,142] INFO] Saved article to queue\2a274fa6-eb00-4b85-804d-67f6abe21886.json]
[2025-07-02 10:49:14,143] INFO] Saved article to queue\fb0bc195-dc74-4423-a2ee-480b37f3fba2.json]
[2025-07-02 10:49:14,144] INFO] Saved article to queue\f90f2dcc-0c15-4fb4-831d-196e5b3fe968.json]
[2025-07-02 10:49:14,145] INFO] Saved article to queue\f957fe8d-1c63-49bd-9286-a4e6e21b9d8c.json]
[2025-07-02 10:49:14,146] INFO] Saved article to queue\9373473c-17d2-4cbc-ba19-6a0e5dda8c5f.json]
[2025-07-02 10:49:14,147] INFO] Saved article to queue\e42c8b7e-e9c4-44a7-9773-069817536242.json]
[2025-07-02 10:49:14,147] INFO] Saved article to queue\84edde07-cc07-4517-9b46-3b73779b5038.json]
[2025-07-02 10:49:14,148] INFO] Saved article to queue\cbcc03c8-4101-4cdf-804e-b2a0957ac097.json]
[2025-07-02 10:49:14,149] INFO] Saved article to queue\10ccccb5-4b5d-4706-bde0-1cc5bdaec953.json]
[2025-07-02 10:49:14,150] INFO] Saved article to queue\8df6f7fd-7b52-45e3-b6b2-65908e57b6e5.json]
[2025-07-02 10:49:14,150] INFO] Saved article to queue\8d8c33b9-9115-44db-916d-c6731735946e.json]
[2025-07-02 10:49:14,151] INFO] Saved article to queue\f7958e1b-46ab-47e6-88a3-0e9e10adbbcf.json]
[2025-07-02 10:49:14,151] INFO] Saved article to queue\582bd4ae-b12f-4493-950f-f8a4a8967952.json]
[2025-07-02 10:49:14,152] INFO] Saved article to queue\f4547287-3400-4c38-ac1e-f573a51eca95.json]
[2025-07-02 10:49:14,153] INFO] Saved article to queue\e83e9120-1dd3-4954-9c54-98436ab0a707.json]
[2025-07-02 10:49:14,153] INFO] Saved article to queue\ece54278-45ae-4ad7-9ae3-af1698bf7bee.json]
[2025-07-02 10:49:14,154] INFO] Saved article to queue\04a39c36-333f-4338-aa79-45028e996bd9.json]
[2025-07-02 10:49:14,155] INFO] Saved article to queue\e6845d60-8c1a-4388-a465-44cc945e77a5.json]
[2025-07-02 10:49:14,156] INFO] Saved article to queue\badc435d-1a41-4192-b474-cb3f06aadac7.json]
[2025-07-02 10:49:14,156] INFO] Saved article to queue\464dbc63-cb86-47e3-9ffc-ff19e4ad0f5d.json]
[2025-07-02 10:49:14,157] INFO] Saved article to queue\d2664ca4-492a-4769-802b-e0189887da0a.json]
[2025-07-02 10:49:14,158] INFO] Saved article to queue\6a6cc0f1-cc20-42a9-bc99-742f0efc8fd6.json]
[2025-07-02 10:49:14,159] INFO] Saved article to queue\a1e3d7f2-3087-4294-b47a-4311b4670941.json]
[2025-07-02 10:49:14,160] INFO] Saved article to queue\bbe30d0b-5371-4307-90bc-2da083fe4e83.json]
[2025-07-02 10:49:14,161] INFO] Saved article to queue\f0d2dcc0-578d-427c-aac0-49c90e9b46b9.json]
[2025-07-02 10:49:14,161] INFO] Saved article to queue\4530a14d-606d-432e-a592-e91213786c4b.json]
[2025-07-02 10:49:14,162] INFO] Saved article to queue\27176388-0104-4a04-aec9-2be783b6bef6.json]
[2025-07-02 10:49:14,163] INFO] Saved article to queue\f7122825-db0f-46db-ac9a-ee1280fc1641.json]
[2025-07-02 10:49:14,164] INFO] Saved article to queue\b4331e00-95da-43c3-83fb-a2428e4dbbfa.json]
[2025-07-02 10:49:14,164] INFO] Saved article to queue\5e6ccc80-619f-45d9-bbc3-53205d73faa3.json]
[2025-07-02 10:49:14,165] INFO] Saved article to queue\85ba3278-7802-4f01-9b66-059a624c081b.json]
[2025-07-02 10:49:14,166] INFO] Saved article to queue\e75aedba-031b-4ec5-b656-a93fa31714eb.json]
[2025-07-02 10:49:14,167] INFO] Saved article to queue\b8f60a1b-674f-472d-b892-630a48a0c1fc.json]
[2025-07-02 10:49:14,168] INFO] Saved article to queue\30635d3b-2367-4fab-955b-b0e9c37afae4.json]
[2025-07-02 10:49:14,169] INFO] Saved article to queue\cae33cb9-b630-4eb4-bfb1-878bddbea642.json]
[2025-07-02 10:49:14,170] INFO] Saved article to queue\357d2be1-8d59-4e3a-b3cf-95621b448c0f.json]
[2025-07-02 10:49:14,170] INFO] Saved article to queue\0fb37989-6fdc-4e7e-b6a3-0b7c1d1eb62a.json]
[2025-07-02 10:49:14,171] INFO] Saved article to queue\476a4776-c3f7-4a30-a324-d69cc3897ce5.json]
[2025-07-02 10:49:14,172] INFO] Saved article to queue\45e827ff-7ab4-4313-8caa-9853a6e126c8.json]
[2025-07-02 10:49:14,173] INFO] Saved article to queue\769e8d47-5b59-4047-8df0-65318209a9a3.json]
[2025-07-02 10:49:14,174] INFO] Saved article to queue\558060e4-d634-4787-845f-74e63aedde10.json]
[2025-07-02 10:49:14,175] INFO] Saved article to queue\bd6d8e2e-68cd-4c34-9d81-125504ad83a6.json]
[2025-07-02 10:49:14,176] INFO] Saved article to queue\8deefe2a-2f67-455c-90fd-48b211f400d9.json]
[2025-07-02 10:49:14,176] INFO] Saved article to queue\47320217-e45a-4ca8-9738-cd3666c86526.json]
[2025-07-02 10:49:14,177] INFO] Saved article to queue\d83f142b-692d-4ae6-a9fb-a982abdb737b.json]
[2025-07-02 10:49:14,178] INFO] Saved article to queue\240cea0d-3d49-4b8a-82ff-9fc6bd184eb1.json]
[2025-07-02 10:49:14,179] INFO] Saved article to queue\82746f04-b4c3-40dd-a5be-e970c6f6449e.json]
[2025-07-02 10:49:14,179] INFO] Saved article to queue\7aeeb679-9548-41d5-b6df-f557f4c311a2.json]
[2025-07-02 10:49:14,180] INFO] Saved article to queue\49286cc6-bf7c-4788-aff7-5298501588a0.json]
[2025-07-02 10:49:14,181] INFO] Saved article to queue\411543d5-bdc7-4823-bafe-c4b7d4c3fff3.json]
[2025-07-02 10:49:14,182] INFO] Saved article to queue\f9238786-608d-4abe-ae4e-112a6f927345.json]
[2025-07-02 10:49:14,183] INFO] Saved article to queue\048fe211-4081-4976-97bf-edf6cf0ce72a.json]
[2025-07-02 10:49:14,184] INFO] Saved article to queue\8e3f393a-ffdc-4b7c-bc65-6210275bad7c.json]
[2025-07-02 10:49:14,185] INFO] Saved article to queue\64a7b478-1513-4868-8a0d-3453fcc472f4.json]
[2025-07-02 10:49:14,186] INFO] Saved article to queue\10676d6a-b5ca-4a57-8c1b-6e6b581e9ac8.json]
[2025-07-02 10:49:14,186] INFO] Saved article to queue\bc78fb0b-107c-41ae-913a-7e6b248ad7a7.json]
[2025-07-02 10:49:14,187] INFO] Saved article to queue\b2dbdeb3-2295-4a44-ad38-9c1df25c8c6a.json]
[2025-07-02 10:49:14,188] INFO] Saved article to queue\4ae772cc-5fec-461f-82a3-ae69db01c075.json]
[2025-07-02 10:49:14,189] INFO] Saved article to queue\30691e30-ad62-4a52-a43e-c7162ae2f4b9.json]
[2025-07-02 10:49:14,190] INFO] Saved article to queue\c73e0513-01f5-4891-97f1-21c5eaa17d74.json]
[2025-07-02 10:49:14,190] INFO] Saved article to queue\6f60b604-c408-40a0-bacd-5f39484d6e8d.json]
[2025-07-02 10:49:14,191] INFO] Saved article to queue\30490df0-4568-4f83-ab24-d7a74ef80f47.json]
[2025-07-02 10:49:14,192] INFO] Saved article to queue\ed28ca9f-413a-4014-82b8-b959b4446950.json]
[2025-07-02 10:49:14,192] INFO] Saved article to queue\3c388812-4748-465c-a0b1-f05664d31d80.json]
[2025-07-02 10:49:14,193] INFO] Saved article to queue\1ec24471-429a-4078-969e-7e9a7f822abb.json]
[2025-07-02 10:49:14,194] INFO] Saved article to queue\72ec8bf6-9db3-45e6-9cfe-fe2b63c7b255.json]
[2025-07-02 10:49:14,195] INFO] Saved article to queue\ea8735a2-71d6-4666-bcec-b344ef359aee.json]
[2025-07-02 10:49:14,195] INFO] Saved article to queue\8535ec12-de66-47d3-ae7a-3da2caf313c1.json]
[2025-07-02 10:49:14,196] INFO] Saved article to queue\3d1a0939-8984-4dba-81b8-27e8725f503b.json]
[2025-07-02 10:49:14,197] INFO] Saved article to queue\edca2510-d946-4241-be16-60ceca43886c.json]
[2025-07-02 10:49:14,197] INFO] Saved article to queue\e2ff9348-8d5e-4f63-8505-4ec43ec6179a.json]
[2025-07-02 10:49:14,198] INFO] Saved article to queue\aae64f56-b049-4623-a36b-d6a06fe7f344.json]
[2025-07-02 10:49:14,199] INFO] Saved article to queue\a00626de-6538-4bd3-aa9c-9a8efbcb5b94.json]
[2025-07-02 10:49:14,200] INFO] Saved article to queue\36d81c90-3286-4df7-a5d6-e17010368794.json]
[2025-07-02 10:49:14,201] INFO] Saved article to queue\b0b032c4-2f88-41b6-88ad-ee62ec67eaf2.json]
[2025-07-02 10:49:14,202] INFO] Saved article to queue\55dd6e63-fdbd-4fbf-a9d4-f6bd735a8fbb.json]
[2025-07-02 10:49:14,203] INFO] Saved article to queue\d3d60666-b056-42f5-8c99-444c6fdaf4de.json]
[2025-07-02 10:49:14,204] INFO] Saved article to queue\25c1e40e-031c-46a8-81a3-b5b1ba2ba7d6.json]
[2025-07-02 10:49:14,205] INFO] Saved article to queue\0b9dab83-febc-4b64-9349-c84dbd3a5e9f.json]
[2025-07-02 10:49:14,206] INFO] Saved article to queue\66539ef3-1948-4f4d-82ca-2fdcabd06452.json]
[2025-07-02 10:49:14,206] INFO] Saved article to queue\25110f88-1dad-43dd-9f2d-ea7a303e0617.json]
[2025-07-02 10:49:14,207] INFO] Saved article to queue\94057fa7-4f85-4fd5-a745-51113deb9415.json]
[2025-07-02 10:49:14,208] INFO] Saved article to queue\e77ea7ae-ef83-407c-a7d1-f7a699372d7c.json]
[2025-07-02 10:49:14,209] INFO] Saved article to queue\bac1ade9-a48d-404a-bad6-814c6c82a978.json]
[2025-07-02 10:49:14,209] INFO] Saved article to queue\03bae049-9ca7-4122-bd83-18cdbbad28af.json]
[2025-07-02 10:49:14,210] INFO] Saved article to queue\52b4e5bb-9da3-4a53-ac86-b222fa8ed0f8.json]
[2025-07-02 10:49:14,211] INFO] Saved article to queue\46bdabc6-a973-47f3-948d-48a64f9e7674.json]
[2025-07-02 10:49:14,212] INFO] Saved article to queue\979ddddf-b2f1-4555-a849-f5386ba1932d.json]
[2025-07-02 10:49:14,212] INFO] Saved article to queue\4926db9a-cb95-4d19-9010-df477bb83d45.json]
[2025-07-02 10:49:14,213] INFO] Saved article to queue\dfa2b4dc-32b5-4f61-954d-139d623c91ff.json]
[2025-07-02 10:49:14,214] INFO] Saved article to queue\f28d7d63-1c9a-40f3-ab84-f43c7a0d5daa.json]
[2025-07-02 10:49:14,215] INFO] Saved article to queue\2f8cf977-979c-4e1a-b9cd-be2accc85150.json]
[2025-07-02 10:49:14,216] INFO] Saved article to queue\501a9b1d-eb98-4a9a-983d-e40a3c8db477.json]
[2025-07-02 10:49:14,217] INFO] Saved article to queue\b95f7c26-1896-4935-a1ab-c5abfba3cdb5.json]
[2025-07-02 10:49:14,217] INFO] Saved article to queue\928d948c-9a1a-43d8-969b-9dcccc5c0864.json]
[2025-07-02 10:49:14,218] INFO] Saved article to queue\f6d00f11-d568-4025-a81a-353840fdb033.json]
[2025-07-02 10:49:14,219] INFO] Saved article to queue\9062346e-d27a-4893-b056-802cd3c690f6.json]
[2025-07-02 10:49:14,220] INFO] Saved article to queue\1317a41b-fd8f-4234-ae98-a95927e8e421.json]
[2025-07-02 10:49:14,221] INFO] Saved article to queue\b997f253-1b0a-49a5-b735-93d26900ad29.json]
[2025-07-02 10:49:14,222] INFO] Saved article to queue\eeea76ad-d2b8-45db-92a5-e972c50a0e74.json]
[2025-07-02 10:49:14,223] INFO] Saved article to queue\61f10697-62b8-4f51-80a2-b73dacf3d439.json]
[2025-07-02 10:49:14,223] INFO] Saved article to queue\57d57273-192e-42d7-82a2-d46e7313335e.json]
[2025-07-02 10:49:14,224] INFO] Saved article to queue\c31aecbd-be4f-4d10-9157-4f2c92e63a62.json]
[2025-07-02 10:49:14,225] INFO] Saved article to queue\bb4e91dc-a3f7-499d-9a45-b4f97282b8a2.json]
[2025-07-02 10:49:14,226] INFO] Saved article to queue\887bdd1c-af1f-4a38-a952-a11fe6292412.json]
[2025-07-02 10:49:14,227] INFO] Saved article to queue\38866d30-2785-4f74-bf74-74443437244a.json]
[2025-07-02 10:49:14,227] INFO] Saved article to queue\3b6aff22-d130-435d-9af8-ed7779fb34d8.json]
[2025-07-02 10:49:14,228] INFO] Saved article to queue\e33ae95b-0fc3-460a-b802-ffddfb7b38ed.json]
[2025-07-02 10:49:14,229] INFO] Saved article to queue\04665ff0-b624-42e4-8304-515e6d111803.json]
[2025-07-02 10:49:14,230] INFO] Saved article to queue\9847bae6-7b36-4505-b2c7-ee50bbf53560.json]
[2025-07-02 10:49:14,231] INFO] Saved article to queue\d1ecbc1f-2de3-4da5-ad09-bae3dddada2b.json]
[2025-07-02 10:49:14,232] INFO] Saved article to queue\4598fe72-d6a0-4e1c-8e9a-2a529e736b58.json]
[2025-07-02 10:49:14,233] INFO] Saved article to queue\52e706c0-78da-42bc-82f5-282e474888ad.json]
[2025-07-02 10:49:14,234] INFO] Saved article to queue\75570b82-c3f1-4613-980b-20a11837abc3.json]
[2025-07-02 10:49:14,235] INFO] Saved article to queue\c23be4ff-cfb1-4fad-9805-2c4e154b906e.json]
[2025-07-02 10:49:14,236] INFO] Saved article to queue\e4009e81-1016-411d-9ee3-99ad7ad2d6d7.json]
[2025-07-02 10:49:14,236] INFO] Saved article to queue\1e4a0cc3-9d7e-47a2-90c3-500544eddef7.json]
[2025-07-02 10:49:14,237] INFO] Saved article to queue\a718d9c6-c22e-4299-998a-7ac2a4b5e143.json]
[2025-07-02 10:49:14,238] INFO] Saved article to queue\0c92800c-65ba-4408-9f67-a109622f8433.json]
[2025-07-02 10:49:14,239] INFO] Saved article to queue\f82dbc32-7c74-4f0d-a030-769808497761.json]
[2025-07-02 10:49:14,239] INFO] Saved article to queue\4fa09e19-e030-48c5-9c9f-4a9daf57a378.json]
[2025-07-02 10:49:14,240] INFO] Saved article to queue\d4d26971-8d2c-4b84-ba4d-cb7437f81c04.json]
[2025-07-02 10:49:14,241] INFO] Saved article to queue\ba7d8c94-7f8a-4c61-a0e8-99ff714d25f2.json]
[2025-07-02 10:49:14,242] INFO] Saved article to queue\94bd1bcb-1273-4b8d-8332-bed6391fbe33.json]
[2025-07-02 10:49:14,242] INFO] Saved article to queue\a19405ff-f473-41b0-8408-728728cbf5cc.json]
[2025-07-02 10:49:14,243] INFO] Saved article to queue\0619a540-51f9-4749-9986-ffab609fe05f.json]
[2025-07-02 10:49:14,244] INFO] Saved article to queue\79b0c7ef-7f8f-41ea-9856-9d01f5e8f919.json]
[2025-07-02 10:49:14,245] INFO] Saved article to queue\cfdbfc7e-730c-41d8-9f79-b3793cae87f4.json]
[2025-07-02 10:49:14,246] INFO] Saved article to queue\be54d04f-f6c9-45de-b937-1b8008cceb0d.json]
[2025-07-02 10:49:14,247] INFO] Saved article to queue\649605cb-0fc0-45f9-b32d-1d9dcd5f494c.json]
[2025-07-02 10:49:14,247] INFO] Saved article to queue\30818697-64ed-4143-9d0c-e426e02dfd99.json]
[2025-07-02 10:49:14,248] INFO] Saved article to queue\a75d5360-a88f-4c18-8e9d-400a42adc5c2.json]
[2025-07-02 10:49:14,250] INFO] Saved article to queue\40dbd295-186b-49dc-be62-7657241d1461.json]
[2025-07-02 10:49:14,250] INFO] Saved article to queue\e285161c-3eca-4e1c-9353-474f0cc9f8cd.json]
[2025-07-02 10:49:14,251] INFO] Saved article to queue\85a8031f-8bf3-4d47-a07a-fd2a616335be.json]
[2025-07-02 10:49:14,252] INFO] Saved article to queue\9ec65880-2e2d-4b46-8541-2f5b83886a0c.json]
[2025-07-02 10:49:14,253] INFO] Saved article to queue\70a780cf-267d-450c-9a68-16556225b2a8.json]
[2025-07-02 10:49:14,253] INFO] Saved article to queue\00c8f440-a2a3-4eda-923f-88d7b86337d4.json]
[2025-07-02 10:49:14,254] INFO] Saved article to queue\1d9dcf5b-c207-474f-a2e4-ba4d16ec70a9.json]
[2025-07-02 10:49:14,255] INFO] Saved article to queue\e25da37f-fe95-48b4-87a7-b1f0e75b2906.json]
[2025-07-02 10:49:14,256] INFO] Saved article to queue\d27bd67d-ed6f-454b-8ce1-8e64d2c7ba6d.json]
[2025-07-02 10:49:14,257] INFO] Saved article to queue\35505600-751e-42f0-80ae-5c7c7bff45a0.json]
[2025-07-02 10:49:14,257] INFO] Saved article to queue\a2775e7c-9bb4-4699-9657-850b180e4770.json]
[2025-07-02 10:49:14,258] INFO] Saved article to queue\db3ef496-8aa3-46af-b1fb-187a01c6fd33.json]
[2025-07-02 10:49:14,259] INFO] Saved article to queue\b3aa74ba-f243-457c-95a9-41c21fbe77ed.json]
[2025-07-02 10:49:14,260] INFO] Saved article to queue\cdfb1def-77d9-4ffc-907a-430e81d7b718.json]
[2025-07-02 10:49:14,261] INFO] Saved article to queue\2fc4e554-bad1-4703-a043-011976294043.json]
[2025-07-02 10:49:14,261] INFO] Saved article to queue\8af94f49-407c-4e09-a0b2-8c20d16b348c.json]
[2025-07-02 10:49:14,262] INFO] Saved article to queue\f825723b-5f8b-4865-a531-521e5ab17bca.json]
[2025-07-02 10:49:14,263] INFO] Saved article to queue\c875d231-fba2-4b4d-917c-771b64a8cde0.json]
[2025-07-02 10:49:14,264] INFO] Saved article to queue\3ef144d9-9e12-4e6d-9a70-10b1902d8661.json]
[2025-07-02 10:49:14,265] INFO] Saved article to queue\3b7d876e-cccf-4a82-b073-2fbe5f7d269a.json]
[2025-07-02 10:49:14,266] INFO] Saved article to queue\cc5eb938-8056-4186-ad72-841751c0c0a5.json]
[2025-07-02 10:49:14,267] INFO] Saved article to queue\0142cff7-676a-49da-bd0b-e14cf509d885.json]
[2025-07-02 10:49:14,268] INFO] Saved article to queue\2d0e51d7-09fa-4f56-b59c-c0e5f0793765.json]
[2025-07-02 10:49:14,269] INFO] Saved article to queue\0499cd9d-f8e0-485b-a370-482d367ffeac.json]
[2025-07-02 10:49:14,270] INFO] Saved article to queue\ac5084de-111b-4264-af8a-aaf367bad00a.json]
[2025-07-02 10:49:14,271] INFO] Saved article to queue\4710760a-f291-46d8-9d9c-be2909d2f01d.json]
[2025-07-02 10:49:14,272] INFO] Saved article to queue\a45bed70-2fc8-4c87-875c-398ceb42b30c.json]
[2025-07-02 10:49:14,273] INFO] Saved article to queue\e2944095-2e22-4366-a3bc-b1f7fee4b6c2.json]
[2025-07-02 10:49:14,274] INFO] Saved article to queue\b08a7eba-88f8-4794-94ba-fc08a986a04a.json]
[2025-07-02 10:49:14,275] INFO] Saved article to queue\b5753468-2987-4c57-8831-fc7c96d1f0a8.json]
[2025-07-02 10:49:14,276] INFO] Saved article to queue\bcfdca90-74a1-4053-95ed-2b1aa8bc409f.json]
[2025-07-02 10:49:14,277] INFO] Saved article to queue\ab928716-da0c-4857-9038-b84bbfe8d54a.json]
[2025-07-02 10:49:14,278] INFO] Saved article to queue\dbf5e6d9-1911-4666-8cc3-79fca73ea485.json]
[2025-07-02 10:49:14,278] INFO] Saved article to queue\ab21f3f5-76e3-428c-9c11-dd7d45db980b.json]
[2025-07-02 10:49:14,280] INFO] Saved article to queue\b3ef4483-c7c7-4d15-a74b-873718644611.json]
[2025-07-02 10:49:14,281] INFO] Saved article to queue\d9cd1c97-e1f4-4ba9-9cf3-6bddf68520ad.json]
[2025-07-02 10:49:14,282] INFO] Saved article to queue\c6f9a516-b0a8-46f2-8c79-26a63097f5d7.json]
[2025-07-02 10:49:14,284] INFO] Saved article to queue\42be9ec8-734f-4605-9d3b-0466ca69b93d.json]
[2025-07-02 10:49:14,285] INFO] Saved article to queue\2e8c2ef8-0b6a-4c66-bf4b-0082811f2f9f.json]
[2025-07-02 10:49:14,286] INFO] Saved article to queue\66cdffcb-d206-4d29-b3e4-d38e1989e7f1.json]
[2025-07-02 10:49:14,287] INFO] Saved article to queue\777441b4-a1ec-42d6-a231-59e5c192e311.json]
[2025-07-02 10:49:14,288] INFO] Saved article to queue\4436c1dc-d834-493c-88d4-b29069b8ece1.json]
[2025-07-02 10:49:14,289] INFO] Saved article to queue\c3cf5df9-b5aa-4aaa-b883-5381bdf8d0a6.json]
[2025-07-02 10:49:14,290] INFO] Saved article to queue\134ddc72-f3e4-401b-b15e-c1eb480f9455.json]
[2025-07-02 10:49:14,291] INFO] Saved article to queue\31ed6421-b5be-4531-8e2e-267b2c6fe63f.json]
[2025-07-02 10:49:14,292] INFO] Saved article to queue\08cb3617-5ad8-482c-8bc9-bf5f01dc68ef.json]
[2025-07-02 10:49:14,293] INFO] Saved article to queue\55ef8d3f-e6f7-47bc-8bb4-05b9ea42a1e7.json]
[2025-07-02 10:49:14,294] INFO] Saved article to queue\56b6026f-a9bb-479f-a4d5-58e47c0f4d78.json]
[2025-07-02 10:49:14,295] INFO] Saved article to queue\c2b51f54-d8b7-4711-9bec-32d9a08ad3b6.json]
[2025-07-02 10:49:14,296] INFO] Saved article to queue\6a873f0b-448c-4ec2-9892-9a5d83f4d3de.json]
[2025-07-02 10:49:14,297] INFO] Saved article to queue\c9531f4e-6273-4d46-9c1f-6a1c37f5e2d0.json]
[2025-07-02 10:49:14,299] INFO] Saved article to queue\7911fad6-37bf-48d2-ae3b-391ce6a6ffa8.json]
[2025-07-02 10:49:14,300] INFO] Saved article to queue\b5b7432a-b3fe-433b-893d-046fe02d197b.json]
[2025-07-02 10:49:14,301] INFO] Saved article to queue\c85b2148-4c94-4064-934a-1057954b84ac.json]
[2025-07-02 10:49:14,302] INFO] Saved article to queue\51942b2d-c7bc-4524-9fcb-b7288d2538fc.json]
[2025-07-02 10:49:14,303] INFO] Saved article to queue\aba40077-1706-49f8-9328-a119796f69e5.json]
[2025-07-02 10:49:14,304] INFO] Saved article to queue\ea8e38f8-f786-455e-8fcf-b984d237d39c.json]
[2025-07-02 10:49:14,304] INFO] Saved article to queue\4c45dec2-c680-4550-b09b-356bf937e6ce.json]
[2025-07-02 10:49:14,305] INFO] Saved article to queue\b4dded06-ff60-4c53-a62c-119eb4153245.json]
[2025-07-02 10:49:14,306] INFO] Saved article to queue\4b00f627-1501-4a00-a308-5c63c9d71b5d.json]
[2025-07-02 10:49:14,307] INFO] Saved article to queue\20934a4d-6505-4667-be9c-59083d835cce.json]
[2025-07-02 10:49:14,308] INFO] Saved article to queue\dd25079a-c82c-441b-b0ce-8acf99cd5adc.json]
[2025-07-02 10:49:14,309] INFO] Saved article to queue\46b04e68-ccf4-4c8d-a2da-322887cbbdf0.json]
[2025-07-02 10:49:14,310] INFO] Saved article to queue\e07c3e9b-ba47-4647-b72e-d2283ddd5c5b.json]
[2025-07-02 10:49:14,311] INFO] Saved article to queue\cae40ec5-1374-4443-be4f-7459f853ba6f.json]
[2025-07-02 10:49:14,312] INFO] Saved article to queue\169ad4ad-b965-4b00-a47f-ff6cd498da40.json]
[2025-07-02 10:49:14,313] INFO] Saved article to queue\be3838a9-93ef-43a7-b046-d15b44e58ea1.json]
[2025-07-02 10:49:14,314] INFO] Saved article to queue\08d85f41-aadf-4790-b9a7-96b1d86bc2bc.json]
[2025-07-02 10:49:14,315] INFO] Saved article to queue\9d4bd526-a461-4e62-a1dd-f7fa2c000700.json]
[2025-07-02 10:49:14,317] INFO] Saved article to queue\85867941-f21f-4bb4-aff4-b656cd330490.json]
[2025-07-02 10:49:14,318] INFO] Saved article to queue\9ac194d6-a576-4017-985a-dc786e1ed788.json]
[2025-07-02 10:49:14,318] INFO] Saved article to queue\00c47d18-fee2-487b-8c0d-164315b4baf6.json]
[2025-07-02 10:49:14,320] INFO] Saved article to queue\2f09c6a1-750b-4a73-91b8-47b9ca10c0d3.json]
[2025-07-02 10:49:14,320] INFO] Saved article to queue\3eed5604-46e2-48d9-9eb2-469bef1495a0.json]
[2025-07-02 10:49:14,321] INFO] Saved article to queue\2d2a9d27-00a8-472a-b665-c081b886455d.json]
[2025-07-02 10:49:14,322] INFO] Saved article to queue\6f178933-ee71-4845-82d3-bf1f838726bc.json]
[2025-07-02 10:49:14,323] INFO] Saved article to queue\22c01ffc-6294-4a82-bd77-92cd206c4f8c.json]
[2025-07-02 10:49:14,324] INFO] Saved article to queue\bbb4b333-4a6e-45e7-a371-10d90a9cf49f.json]
[2025-07-02 10:49:14,324] INFO] Saved article to queue\d15479a7-96ea-4acb-a362-c6a72eb2ff0f.json]
[2025-07-02 10:49:14,325] INFO] Saved article to queue\4cf54e48-3602-436a-a0c4-19fa6387a188.json]
[2025-07-02 10:49:14,326] INFO] Saved article to queue\047e5846-e237-45a4-8372-4e8f95c70b98.json]
[2025-07-02 10:49:14,327] INFO] Saved article to queue\dd2619cc-8195-450d-bc9e-293e4f3614fd.json]
[2025-07-02 10:49:14,328] INFO] Saved article to queue\1bc84c67-bd25-4e5b-a124-a1565bfd0f7e.json]
[2025-07-02 10:49:14,329] INFO] Saved article to queue\167700ca-a7e3-4f32-9308-7e45e4731f37.json]
[2025-07-02 10:49:14,330] INFO] Saved article to queue\df702473-b436-4d77-880b-3f5cdff7c0b6.json]
[2025-07-02 10:49:14,331] INFO] Saved article to queue\314e5207-40c4-4069-a56d-fc807bd2d312.json]
[2025-07-02 10:49:14,332] INFO] Saved article to queue\b29b8ada-0443-4f08-9710-f44caddb31f6.json]
[2025-07-02 10:49:14,333] INFO] Saved article to queue\7e8733eb-31ae-4b8b-8a45-6dbee0054acb.json]
[2025-07-02 10:49:14,334] INFO] Saved article to queue\7dfaf84c-cc4b-47bf-b5b9-593740768083.json]
[2025-07-02 10:49:14,335] INFO] Saved article to queue\477e90c8-d509-40c6-b52b-1797c3b850af.json]
[2025-07-02 10:49:14,336] INFO] Saved article to queue\cf8da969-3d3a-452d-9a18-69dbdfffccea.json]
[2025-07-02 10:49:14,337] INFO] Saved article to queue\779cf93a-41c9-4e63-88a5-b89e39400b47.json]
[2025-07-02 10:49:14,338] INFO] Saved article to queue\d580ae0a-c418-436c-af94-d50488eb1294.json]
[2025-07-02 10:49:14,339] INFO] Saved article to queue\68589be4-2aa0-43fa-a993-2cb0f2806d30.json]
[2025-07-02 10:49:14,340] INFO] Saved article to queue\2fc632a2-77fb-4b36-aa80-3aaeaffa8af6.json]
[2025-07-02 10:49:14,340] INFO] Saved article to queue\0c7f2830-95cd-46db-b74f-26e86be39f05.json]
[2025-07-02 10:49:14,341] INFO] Saved article to queue\b52e0430-5976-4c98-963b-1814aeaf5634.json]
[2025-07-02 10:49:14,342] INFO] Saved article to queue\828f4630-5269-4dd8-9136-8e6ac4bafb14.json]
[2025-07-02 10:49:14,343] INFO] Saved article to queue\db6778c6-4470-4386-a78a-8656b6b6ceb1.json]
[2025-07-02 10:49:14,344] INFO] Saved article to queue\dac5348f-a30d-4bcb-bf57-5e7e9c866fd2.json]
[2025-07-02 10:49:14,344] INFO] Saved article to queue\21b916f8-e31f-4ffe-a052-dc6e2b6c57b5.json]
[2025-07-02 10:49:14,345] INFO] Saved article to queue\60094209-ee82-44eb-b7ee-405bed10cac8.json]
[2025-07-02 10:49:14,346] INFO] Saved article to queue\bcf2e9d9-964f-4288-b884-d18d17bd812c.json]
[2025-07-02 10:49:14,346] INFO] Saved article to queue\aac78a0f-3233-4274-a925-83028bcc363f.json]
[2025-07-02 10:49:14,347] INFO] Saved article to queue\76f11740-2a32-4cc0-9200-8d3d60d5603f.json]
[2025-07-02 10:49:14,348] INFO] Saved article to queue\d9d300e0-b360-444a-a024-da1fac2dcebf.json]
[2025-07-02 10:49:14,351] INFO] Saved article to queue\1319505c-d40f-48ee-bb6a-7d6fce11a31e.json]
[2025-07-02 10:49:14,352] INFO] Saved article to queue\3f62895d-6ffd-4f82-a68a-87aee0ebff7c.json]
[2025-07-02 10:49:14,352] INFO] Saved article to queue\12a9324d-fed1-4e60-876e-923675f917f2.json]
[2025-07-02 10:49:14,353] INFO] Saved article to queue\6bce0ded-c4a3-47a5-9721-d57ca517d2f5.json]
[2025-07-02 10:49:14,354] INFO] Saved article to queue\e7cc2b42-a628-490f-ba4b-3bf8b8857622.json]
[2025-07-02 10:49:14,355] INFO] Saved article to queue\84efd3aa-6521-4355-a0eb-65fd0ad51552.json]
[2025-07-02 10:49:14,356] INFO] Saved article to queue\7c606094-4857-4890-8ac7-c99c0eb349ac.json]
[2025-07-02 10:49:14,357] INFO] Saved article to queue\fb041d15-cca7-4232-96b9-ebef07c7779e.json]
[2025-07-02 10:49:14,358] INFO] Saved article to queue\384906c5-03a3-4318-b8d6-6f133234728d.json]
[2025-07-02 10:49:14,359] INFO] Saved article to queue\0e5f500e-0140-4fe2-be80-d4974ecf657a.json]
[2025-07-02 10:49:14,359] INFO] Saved article to queue\833730ce-2359-44bf-94e4-91e4095b2980.json]
[2025-07-02 10:49:14,360] INFO] Saved article to queue\296b51cb-3fa2-4a80-907b-c2972f04fa36.json]
[2025-07-02 10:49:14,361] INFO] Saved article to queue\e6e14a08-9870-4520-9dd5-10cd21f4e1b7.json]
[2025-07-02 10:49:14,362] INFO] Saved article to queue\baccde90-671f-41e4-a9fd-0e001db776af.json]
[2025-07-02 10:49:14,363] INFO] Saved article to queue\6195bd53-afd7-4a24-b34e-5a7ed8ff8c6a.json]
[2025-07-02 10:49:14,363] INFO] Saved article to queue\17b74f75-aa8f-4d78-9aa7-52eaf835b075.json]
[2025-07-02 10:49:14,364] INFO] Saved article to queue\73ee93b6-4b33-4f00-9711-c00894332891.json]
[2025-07-02 10:49:14,365] INFO] Saved article to queue\8e8d8a6a-f74d-43a9-b75d-f99b7f05e384.json]
[2025-07-02 10:49:14,366] INFO] Saved article to queue\22b0d63b-fd62-43a0-bd18-8eb2562f436f.json]
[2025-07-02 10:49:14,367] INFO] Saved article to queue\f6a14bdb-2953-4266-ae0d-4788bb144708.json]
[2025-07-02 10:49:14,368] INFO] Saved article to queue\39188b50-a865-4f69-b088-6a89763f7858.json]
[2025-07-02 10:49:14,368] INFO] Saved article to queue\4e5c9f23-ab41-42a5-a413-cc2a1f3f207c.json]
[2025-07-02 10:49:14,369] INFO] Saved article to queue\c2e0ec2e-9b91-483e-a684-870c0eb29e3b.json]
[2025-07-02 10:49:14,370] INFO] Saved article to queue\0c2510cc-f312-4a2b-9612-405d719df7ff.json]
[2025-07-02 10:49:14,371] INFO] Saved article to queue\31228ace-9334-44b0-b743-689baf164162.json]
[2025-07-02 10:49:14,372] INFO] Saved article to queue\5b953b8c-b489-4fdb-8113-a04413c4ffb3.json]
[2025-07-02 10:49:14,373] INFO] Saved article to queue\791d5f86-18f1-4cd8-894d-598a99200e8a.json]
[2025-07-02 10:49:14,373] INFO] Saved article to queue\ca2d87b0-44f9-40c8-acfd-b5931583b76f.json]
[2025-07-02 10:49:14,374] INFO] Saved article to queue\919cb56a-44c5-408c-a055-469b91e58d46.json]
[2025-07-02 10:49:14,375] INFO] Saved article to queue\b94a8dcc-0bf6-4467-8a16-5033375a4390.json]
[2025-07-02 10:49:14,376] INFO] Saved article to queue\74af5600-d68c-4569-b5cf-9ec589cde07e.json]
[2025-07-02 10:49:14,377] INFO] Saved article to queue\19a8daa0-2b63-435d-ade5-48af9e741986.json]
[2025-07-02 10:49:14,378] INFO] Saved article to queue\68279b67-d0f9-469f-89c1-c869eb3bf5fd.json]
[2025-07-02 10:49:14,379] INFO] Saved article to queue\fa54901b-1a01-4be4-b23c-5da97d0fb104.json]
[2025-07-02 10:49:14,380] INFO] Saved article to queue\8921cee6-1c9b-48ae-935e-128aae8e143d.json]
[2025-07-02 10:49:14,381] INFO] Saved article to queue\b3142c9e-811d-42be-a227-97bb322d5aad.json]
[2025-07-02 10:49:14,382] INFO] Saved article to queue\57f6821a-9eab-4b58-b4d2-fd6388bd51db.json]
[2025-07-02 10:49:14,382] INFO] Saved article to queue\a43755a5-9168-45e3-a969-08c8dd983ade.json]
[2025-07-02 10:49:14,383] INFO] Saved article to queue\ffcefabd-ff63-42bf-b849-dd38dfff1b3f.json]
[2025-07-02 10:49:14,384] INFO] Saved article to queue\dd118989-4088-4bb3-8b6e-e57cb13d08fa.json]
[2025-07-02 10:49:14,385] INFO] Saved article to queue\80a56d34-f175-4587-98af-4ce7781b644d.json]
[2025-07-02 10:49:14,386] INFO] Saved article to queue\9266bac2-0b45-454f-8973-395cb706b536.json]
[2025-07-02 10:49:14,387] INFO] Saved article to queue\720392f1-1348-48f9-b292-ba92c5b89592.json]
[2025-07-02 10:49:14,388] INFO] Saved article to queue\ea4fef7f-05c4-407c-b20e-07b15429c52c.json]
[2025-07-02 10:49:14,389] INFO] Saved article to queue\f381836a-783e-44b3-827c-4d0dffe7b231.json]
[2025-07-02 10:49:14,389] INFO] Saved article to queue\993d8eb8-1c6e-49e3-89a7-2c15ce701f77.json]
[2025-07-02 10:49:14,390] INFO] Saved article to queue\4880b78e-c09d-45ee-b8ff-19a02a7c4adb.json]
[2025-07-02 10:49:14,391] INFO] Saved article to queue\a6e32b0d-008a-4000-922a-9c0a1c822163.json]
[2025-07-02 10:49:14,392] INFO] Saved article to queue\92819464-a1aa-4340-8e04-0ddd89ac2949.json]
[2025-07-02 10:49:14,392] INFO] Saved article to queue\09158445-28ac-49fd-b511-86fe3e1c2603.json]
[2025-07-02 10:49:14,393] INFO] Saved article to queue\e18d4af6-a2e9-49c5-9a8c-36f5cc8427e3.json]
[2025-07-02 10:49:14,394] INFO] Saved article to queue\7aa15918-2de4-4442-ae92-cac14c749453.json]
[2025-07-02 10:49:14,394] INFO] Saved article to queue\648bbc8e-c395-4f25-842e-0284f9d6e0d5.json]
[2025-07-02 10:49:14,395] INFO] Saved article to queue\b94b9e0c-8b64-4fca-b789-874d84033b2b.json]
[2025-07-02 10:49:14,396] INFO] Saved article to queue\cf127530-65d1-4b03-9607-3e5feedda47b.json]
[2025-07-02 10:49:14,397] INFO] Saved article to queue\fdbeae66-3500-404c-853c-83544cf325d7.json]
[2025-07-02 10:49:14,398] INFO] Saved article to queue\3f3b2ae0-fe3d-4bff-8747-7588a08eb3f7.json]
[2025-07-02 10:49:14,398] INFO] Saved article to queue\ae9dc535-01ab-419b-8038-cd53a9f3a5c7.json]
[2025-07-02 10:49:14,399] INFO] Saved article to queue\4be17aa9-5094-4949-83ea-cb51d329de66.json]
[2025-07-02 10:49:14,400] INFO] Saved article to queue\effc7f0e-084d-4820-9e47-f9a58f19d44b.json]
[2025-07-02 10:49:14,401] INFO] Saved article to queue\91581bd8-03a5-4bb8-8260-dff6971b2c5f.json]
[2025-07-02 10:49:14,402] INFO] Saved article to queue\cbef53c1-ca58-4ef5-a153-ca4eaad2a6a6.json]
[2025-07-02 10:49:14,403] INFO] Saved article to queue\b2818473-7450-4f1a-aa81-21d786894d5c.json]
[2025-07-02 10:49:14,403] INFO] Saved article to queue\1ebaef1a-1d7a-4144-8e9d-004bbfb44939.json]
[2025-07-02 10:49:14,404] INFO] Saved article to queue\2dd7cb4b-6a7f-4656-bf9f-8d921c0d37be.json]
[2025-07-02 10:49:14,405] INFO] Saved article to queue\45bd9264-1ba1-48b7-b717-92c42d7e6d50.json]
[2025-07-02 10:49:14,406] INFO] Saved article to queue\f4f4ac90-2717-467d-aebc-5cc3066813ed.json]
[2025-07-02 10:49:14,407] INFO] Saved article to queue\c18d56b9-3800-4980-93ff-5dad2634dc36.json]
[2025-07-02 10:49:14,408] INFO] Saved article to queue\a7e122d8-4d6c-466a-b1c8-9fa19c5d9e90.json]
[2025-07-02 10:49:14,409] INFO] Saved article to queue\fff7f9c2-ad8b-421c-8cda-e55b3f4d0dfe.json]
[2025-07-02 10:49:14,410] INFO] Saved article to queue\cfc14cf6-aeb2-42bb-be3b-98e55cb9ad09.json]
[2025-07-02 10:49:14,411] INFO] Saved article to queue\d6a55248-5600-40b0-b1a0-742a3a1aafcc.json]
[2025-07-02 10:49:14,412] INFO] Saved article to queue\a896f5a2-3aae-45da-b660-b3a1531cd5f6.json]
[2025-07-02 10:49:14,413] INFO] Saved article to queue\37b26734-375d-4047-8529-cc8a1d8d90f9.json]
[2025-07-02 10:49:14,414] INFO] Saved article to queue\66b6c615-a239-4dcc-8ca1-4922f2b49d3f.json]
[2025-07-02 10:49:14,415] INFO] Saved article to queue\949acb0d-e5b3-4b0e-8291-d8efa02715e2.json]
[2025-07-02 10:49:14,416] INFO] Saved article to queue\84da0e7b-fc6f-499d-a57d-c07b9d94b41c.json]
[2025-07-02 10:49:14,417] INFO] Saved article to queue\8df0a8e3-ad09-4c99-b2c5-cf0630e90a58.json]
[2025-07-02 10:49:14,418] INFO] Saved article to queue\81944af2-150f-4438-afda-ba194301e93e.json]
[2025-07-02 10:49:14,419] INFO] Saved article to queue\c90aca87-9669-4257-9740-fb41114cc4a7.json]
[2025-07-02 10:49:14,420] INFO] Saved article to queue\178fd6ea-5aae-43d5-87e5-29b433edb245.json]
[2025-07-02 10:49:14,420] INFO] Saved article to queue\bfe74b6f-9900-44c3-951d-f1531dc0c07e.json]
[2025-07-02 10:49:14,421] INFO] Saved article to queue\468c37f1-4064-40ca-9492-ae82d0738086.json]
[2025-07-02 10:49:14,422] INFO] Saved article to queue\170ed100-92df-4516-b759-e1472ac62adf.json]
[2025-07-02 10:49:14,423] INFO] Saved article to queue\f49259c0-06a2-425e-bc6d-fd5b8d6e35ff.json]
[2025-07-02 10:49:14,424] INFO] Saved article to queue\f6cbee6d-bdaa-4c63-8f67-4617229a9e0f.json]
[2025-07-02 10:49:14,424] INFO] Saved article to queue\262aaa42-446b-42f0-9d53-7039c18571a6.json]
[2025-07-02 10:49:14,425] INFO] Saved article to queue\8bdc1798-a2a5-4136-b903-ded5f41d8eb1.json]
[2025-07-02 10:49:14,426] INFO] Saved article to queue\f53996bb-1a74-4f52-9d18-fa093c3d6be2.json]
[2025-07-02 10:49:14,427] INFO] Saved article to queue\5d657a10-0140-48f1-8c96-68643644c568.json]
[2025-07-02 10:49:14,428] INFO] Saved article to queue\0891a33a-ea68-4fa6-8386-9ab8588b76fc.json]
[2025-07-02 10:49:14,429] INFO] Saved article to queue\c6e4595a-8496-40e9-979d-386b20110e5e.json]
[2025-07-02 10:49:14,429] INFO] Saved article to queue\5ba65bd6-6037-46ee-acb0-5cfeba70ed8e.json]
[2025-07-02 10:49:14,430] INFO] Saved article to queue\09e371ef-d79b-4752-bd4b-ad5aaf73dabe.json]
[2025-07-02 10:49:14,431] INFO] Saved article to queue\38ed29a7-6382-4d18-bc06-452328b142bf.json]
[2025-07-02 10:49:14,432] INFO] Saved article to queue\e6905701-2323-4d27-a387-5085a54f9a1b.json]
[2025-07-02 10:49:14,433] INFO] Saved article to queue\7ab6d5cf-ddfb-47d9-a808-1979e170d319.json]
[2025-07-02 10:49:14,434] INFO] Saved article to queue\c56df31f-2c59-4472-8efd-af1510adeea5.json]
[2025-07-02 10:49:14,435] INFO] Saved article to queue\c77fceb2-378c-499e-a7e9-3af76c8a5c35.json]
[2025-07-02 10:49:14,435] INFO] Saved article to queue\e328e25e-19db-4c64-a06c-13b760c7ac9b.json]
[2025-07-02 10:49:14,436] INFO] Saved article to queue\f923ce5f-5d97-4767-9aff-8769f998ba53.json]
[2025-07-02 10:49:14,437] INFO] Saved article to queue\2186d24c-e8ac-4626-9d69-437e10894928.json]
[2025-07-02 10:49:14,438] INFO] Saved article to queue\d0bb75f9-3ffa-4c31-b6e2-de4ee232ab8b.json]
[2025-07-02 10:49:14,439] INFO] Saved article to queue\9f286b85-a1e3-49c2-a2f3-d34801df9379.json]
[2025-07-02 10:49:14,439] INFO] Saved article to queue\fdec5068-d483-4b61-87b7-c8a2f797e857.json]
[2025-07-02 10:49:14,440] INFO] Saved article to queue\fe2bc043-351d-40a2-96ad-494d346da1fe.json]
[2025-07-02 10:49:14,441] INFO] Saved article to queue\0cddc700-e0eb-449f-ae31-33e846991267.json]
[2025-07-02 10:49:14,442] INFO] Saved article to queue\fccd1c59-b65d-4c29-819c-d54f70458752.json]
[2025-07-02 10:49:14,443] INFO] Saved article to queue\84cd6dc2-b1d9-4cc7-89f5-297df8df914e.json]
[2025-07-02 10:49:14,443] INFO] Saved article to queue\0fa18b65-1f70-43c9-aa02-e7d2eb5358be.json]
[2025-07-02 10:49:14,444] INFO] Saved article to queue\b66cff5e-7b6e-4a7d-b9d2-05c98f20363c.json]
[2025-07-02 10:49:14,445] INFO] Saved article to queue\81ab3341-e849-408c-b459-d8a4f003c051.json]
[2025-07-02 10:49:14,445] INFO] Saved article to queue\77dfe8da-3157-4a86-a5a3-af73b7ebd7e8.json]
[2025-07-02 10:49:14,446] INFO] Saved article to queue\71017d21-3bd2-45a5-a66a-d2a8ade9727a.json]
[2025-07-02 10:49:14,447] INFO] Saved article to queue\dfd8858e-83e5-45cc-a40b-7f94f700e079.json]
[2025-07-02 10:49:14,448] INFO] Saved article to queue\61e0c840-c864-4e71-90bb-59eac3b0bff1.json]
[2025-07-02 10:49:14,449] INFO] Saved article to queue\960f8802-cf71-4c72-9344-7e9b41593dd9.json]
[2025-07-02 10:49:14,450] INFO] Saved article to queue\9f95dddb-591f-412c-a17b-d1dd028a94ba.json]
[2025-07-02 10:49:14,451] INFO] Saved article to queue\35f86d65-6ebf-4473-81b9-1aad8da181e0.json]
[2025-07-02 10:49:14,452] INFO] Saved article to queue\c3493f7f-d5e5-4f9f-9b40-ccecb4d4d747.json]
[2025-07-02 10:49:14,452] INFO] Saved article to queue\a1e5f3d4-8d49-43c7-95db-a1993a49bc43.json]
[2025-07-02 10:49:14,453] INFO] Saved article to queue\1c176f48-0895-4f55-8f95-bcc66e01a057.json]
[2025-07-02 10:49:14,454] INFO] Saved article to queue\d5d7b216-794c-4985-8c89-15ac651dbf7d.json]
[2025-07-02 10:49:14,455] INFO] Saved article to queue\c3bfc504-a354-42ce-8a88-c263311a5012.json]
[2025-07-02 10:49:14,456] INFO] Saved article to queue\3350962c-5ff9-43ed-b8a3-a147e38fa63f.json]
[2025-07-02 10:49:14,457] INFO] Saved article to queue\d544a1fe-4346-4f1f-ad3f-9e26dda3882b.json]
[2025-07-02 10:49:14,458] INFO] Saved article to queue\2d889323-7231-4437-8a40-29ae4752440b.json]
[2025-07-02 10:49:14,459] INFO] Saved article to queue\f17bb30b-2c72-43c5-bad4-eae9e4451c88.json]
[2025-07-02 10:49:14,460] INFO] Saved article to queue\91f3838d-c41d-43b6-8889-2ccaa06141f0.json]
[2025-07-02 10:49:14,460] INFO] Saved article to queue\b2e7d35f-bf23-402a-8540-c676772baa61.json]
[2025-07-02 10:49:14,461] INFO] Saved article to queue\84d56656-6aef-4981-b76e-507f9c1f6078.json]
[2025-07-02 10:49:14,462] INFO] Saved article to queue\dd67d5f3-2e19-48e6-91fc-aa64ca4e0160.json]
[2025-07-02 10:49:14,463] INFO] Saved article to queue\7dbdea60-095b-41fd-82dc-f800003694ba.json]
[2025-07-02 10:49:14,464] INFO] Saved article to queue\3ab92bae-c86e-4f27-827a-d558914d748c.json]
[2025-07-02 10:49:14,465] INFO] Saved article to queue\a1070815-6812-4503-8603-f174928465dc.json]
[2025-07-02 10:49:14,466] INFO] Saved article to queue\0828e7cd-f358-4f9f-b859-21722eae2533.json]
[2025-07-02 10:49:14,466] INFO] Saved article to queue\60c98355-bbde-4820-ac5b-07f6b603e733.json]
[2025-07-02 10:49:14,467] INFO] Saved article to queue\041e485c-00ae-4e4e-990e-cc07dcd601b4.json]
[2025-07-02 10:49:14,468] INFO] Saved article to queue\c8461951-b7e0-4418-a914-214dfde78f20.json]
[2025-07-02 10:49:14,469] INFO] Saved article to queue\c47b4c58-dce7-4312-b699-5b6072d1dda7.json]
[2025-07-02 10:49:14,470] INFO] Saved article to queue\1e419264-d0d9-4ac9-89d3-831fe44c371f.json]
[2025-07-02 10:49:14,471] INFO] Saved article to queue\94ef6f08-3719-44cc-861e-43d765f2957f.json]
[2025-07-02 10:49:14,472] INFO] Saved article to queue\b1f79982-1925-4c7e-9a8c-24b94370a85d.json]
[2025-07-02 10:49:14,473] INFO] Saved article to queue\8ee82641-5818-4cf0-a806-45013c71d351.json]
[2025-07-02 10:49:14,473] INFO] Saved article to queue\399c1fb7-f3cb-4169-a1e7-8d065c3929be.json]
[2025-07-02 10:49:14,474] INFO] Saved article to queue\e8f3586e-f9fa-4ea0-8769-6e1f4319fd78.json]
[2025-07-02 10:49:14,475] INFO] Saved article to queue\0a0981b4-f3fd-45a0-a8e3-e3b9cb0d2131.json]
[2025-07-02 10:49:14,476] INFO] Saved article to queue\78a5beee-e5d7-4554-a969-131599cc5228.json]
[2025-07-02 10:49:14,477] INFO] Saved article to queue\5281aa9e-8617-4036-be05-bcd6bddfed62.json]
[2025-07-02 10:49:14,478] INFO] Saved article to queue\27652806-405d-4739-a077-edfcf2788277.json]
[2025-07-02 10:49:14,478] INFO] Saved article to queue\b5fce202-d105-43ea-86bd-83e439a4ab29.json]
[2025-07-02 10:49:14,479] INFO] Saved article to queue\4dd949c5-dc23-487f-83df-b3de1b37dcfd.json]
[2025-07-02 10:49:14,480] INFO] Saved article to queue\b46f1dac-7f04-49ac-b090-374eb6462dc8.json]
[2025-07-02 10:49:14,481] INFO] Saved article to queue\08db70af-7e46-42e9-a4ec-d0a487e3c94e.json]
[2025-07-02 10:49:14,482] INFO] Saved article to queue\5bc9ab00-3989-49e2-8bf6-8926890545b0.json]
[2025-07-02 10:49:14,483] INFO] Saved article to queue\a1bcd985-946a-45cf-8c93-dfa3e91e3d90.json]
[2025-07-02 10:49:14,484] INFO] Saved article to queue\3ef3ddff-6137-43ec-8039-564451967dc1.json]
[2025-07-02 10:49:14,485] INFO] Saved article to queue\da450048-22f0-4bcb-801c-10714c192721.json]
[2025-07-02 10:49:14,486] INFO] Saved article to queue\369cbfbf-ed56-451b-9cb4-28b34014ab1e.json]
[2025-07-02 10:49:14,487] INFO] Saved article to queue\b8164cdf-c28d-4a93-9b72-0ec07a237da2.json]
[2025-07-02 10:49:14,487] INFO] Saved article to queue\af572195-e074-4a11-bf15-a51b78ba0684.json]
[2025-07-02 10:49:14,489] INFO] Saved article to queue\0983b190-73cc-456a-ba4b-2269fb992b93.json]
[2025-07-02 10:49:14,490] INFO] Saved article to queue\414a34da-695c-44c7-bc53-d9137d3a82d1.json]
[2025-07-02 10:49:14,491] INFO] Saved article to queue\82f16d7e-99c5-4183-8193-9dabae9e00f4.json]
[2025-07-02 10:49:14,491] INFO] Saved article to queue\78ea6ddd-3162-4393-963f-2db238a03e49.json]
[2025-07-02 10:49:14,493] INFO] Saved article to queue\6d6b5d16-137f-419d-aa93-9470062218d3.json]
[2025-07-02 10:49:14,494] INFO] Saved article to queue\b2d86fd1-07e5-4de0-ad82-a014b7c8b220.json]
[2025-07-02 10:49:14,496] INFO] Saved article to queue\9fade54d-242b-4a7f-9ee0-0bc1a35987b0.json]
[2025-07-02 10:49:14,496] INFO] Saved article to queue\1f4b7c64-ed8f-45be-950d-2fccfd037f59.json]
[2025-07-02 10:49:14,497] INFO] Saved article to queue\4b7cf0df-a036-458a-bba0-15b864c3e9a1.json]
[2025-07-02 10:54:44,932] INFO] Starting fetch for api....]
[2025-07-02 10:54:45,471] INFO] Fetching the Page 1 -> 401 -> https://newsapi.org/v2/everything?q=bitcoin&page_size=20&page=1&apiKey=fc817dfe2893147c1ae5d0dae5e5458da ]
[2025-07-02 10:57:43,064] INFO] Starting fetch for api....]
[2025-07-02 10:57:43,536] INFO] Fetching the Page 1 -> 200 -> https://newsapi.org/v2/everything?q=bitcoin&page_size=20&page=1&apiKey=c817dfe2893147c1ae5d0dae5e5458da ]
[2025-07-02 10:57:43,538] INFO] Page 1 : Retrived 100 articles.]
[2025-07-02 10:57:44,227] INFO] Fetching the Page 2 -> 200 -> https://newsapi.org/v2/everything?q=bitcoin&page_size=20&page=2&apiKey=c817dfe2893147c1ae5d0dae5e5458da ]
[2025-07-02 10:57:44,229] INFO] Page 2 : Retrived 100 articles.]
[2025-07-02 10:57:44,937] INFO] Fetching the Page 3 -> 200 -> https://newsapi.org/v2/everything?q=bitcoin&page_size=20&page=3&apiKey=c817dfe2893147c1ae5d0dae5e5458da ]
[2025-07-02 10:57:44,939] INFO] Page 3 : Retrived 99 articles.]
[2025-07-02 10:57:45,353] INFO] Fetching the Page 4 -> 200 -> https://newsapi.org/v2/everything?q=bitcoin&page_size=20&page=4&apiKey=c817dfe2893147c1ae5d0dae5e5458da ]
[2025-07-02 10:57:45,354] INFO] Page 4 : Retrived 100 articles.]
[2025-07-02 10:57:46,532] INFO] Fetching the Page 5 -> 200 -> https://newsapi.org/v2/everything?q=bitcoin&page_size=20&page=5&apiKey=c817dfe2893147c1ae5d0dae5e5458da ]
[2025-07-02 10:57:46,534] INFO] Page 5 : Retrived 97 articles.]
[2025-07-02 10:57:46,534] INFO] Total Fetched Articles are 496]
[2025-07-02 10:57:46,536] INFO] Saved article to queue\b815ec24-d553-422e-9948-fb0ef3bb7601.json]
[2025-07-02 10:57:46,538] INFO] Saved article to queue\27e01597-f3d1-4ca6-a3f4-a757b3ed992e.json]
[2025-07-02 10:57:46,539] INFO] Saved article to queue\0004666c-fd25-48a5-b526-7f828a74ced6.json]
[2025-07-02 10:57:46,542] INFO] Saved article to queue\983cad77-dbe5-4246-89fa-c6cb904fd3c4.json]
[2025-07-02 10:57:46,543] INFO] Saved article to queue\cb1f00bc-2fd9-4874-970a-5eba784daa44.json]
[2025-07-02 10:57:46,544] INFO] Saved article to queue\2fcf6c79-b06b-4a2d-9b9d-1ccdff59e04f.json]
[2025-07-02 10:57:46,546] INFO] Saved article to queue\5c4d030b-9043-4fdd-8d84-f926654f20cb.json]
[2025-07-02 10:57:46,548] INFO] Saved article to queue\a2ee8f7c-cff7-490d-95c7-f59d28c76d65.json]
[2025-07-02 10:57:46,549] INFO] Saved article to queue\4e894f4f-d33e-4f8f-bd6b-4a714b57e14b.json]
[2025-07-02 10:57:46,551] INFO] Saved article to queue\14cf88e0-0783-4592-827a-6a5c36e668b9.json]
[2025-07-02 10:57:46,552] INFO] Saved article to queue\04b9829f-b02e-4792-ab77-db33d6a299ef.json]
[2025-07-02 10:57:46,553] INFO] Saved article to queue\ccaf772b-8d65-4327-bf75-0e63cc38dc14.json]
[2025-07-02 10:57:46,554] INFO] Saved article to queue\a01d8cc8-9a16-4a87-9613-2b73bdcf1e90.json]
[2025-07-02 10:57:46,556] INFO] Saved article to queue\24a77c9a-3b80-4117-b336-65e4e7d44546.json]
[2025-07-02 10:57:46,557] INFO] Saved article to queue\27b55f87-467e-48d9-b855-4d3829320c02.json]
[2025-07-02 10:57:46,558] INFO] Saved article to queue\e0d25d0a-1d80-42d8-bf11-8631396bba72.json]
[2025-07-02 10:57:46,559] INFO] Saved article to queue\0920fcfa-3874-42cc-a8fa-48635061e781.json]
[2025-07-02 10:57:46,561] INFO] Saved article to queue\26db4303-aeb7-41ba-81b0-9f1343dc35bd.json]
[2025-07-02 10:57:46,562] INFO] Saved article to queue\31aa3879-7291-41d5-a5fb-92c020c197d5.json]
[2025-07-02 10:57:46,563] INFO] Saved article to queue\1739b1b8-9e3d-4a35-a3ba-2f3418d012bb.json]
[2025-07-02 10:57:46,563] INFO] Saved article to queue\ae2aef10-c36a-4f89-84f8-eda1af8d2df5.json]
[2025-07-02 10:57:46,564] INFO] Saved article to queue\f61819b8-1d94-4fdd-8a74-2e864c1622db.json]
[2025-07-02 10:57:46,565] INFO] Saved article to queue\6a9c3c52-2794-4c68-a742-59ca0e831d3c.json]
[2025-07-02 10:57:46,566] INFO] Saved article to queue\7196abf3-5833-4794-a13f-b228982de2a8.json]
[2025-07-02 10:57:46,568] INFO] Saved article to queue\dfd327fb-72b6-4711-8177-fadb6b99e675.json]
[2025-07-02 10:57:46,569] INFO] Saved article to queue\80f121e6-a0fa-4d52-992e-fe80c296459f.json]
[2025-07-02 10:57:46,570] INFO] Saved article to queue\d54a0bc4-42f5-4c6d-9f94-4a3611118ba6.json]
[2025-07-02 10:57:46,570] INFO] Saved article to queue\f9195883-f8f2-4cf5-af82-95af98baa9d4.json]
[2025-07-02 10:57:46,571] INFO] Saved article to queue\a26e5cd3-ec70-4a62-8c78-8316f3e182b5.json]
[2025-07-02 10:57:46,572] INFO] Saved article to queue\23e3a9d6-ec68-418d-a8ca-16b1a664907c.json]
[2025-07-02 10:57:46,573] INFO] Saved article to queue\47104a15-5de2-4332-b39c-c31fedb4920f.json]
[2025-07-02 10:57:46,574] INFO] Saved article to queue\0f79877e-da04-4a4e-8918-ce13a5e81aca.json]
[2025-07-02 10:57:46,575] INFO] Saved article to queue\3259c67f-e4b9-4dab-8dae-5a6b25cdf59c.json]
[2025-07-02 10:57:46,576] INFO] Saved article to queue\bf633b40-a3ad-4d93-aed8-86801a38ed60.json]
[2025-07-02 10:57:46,577] INFO] Saved article to queue\b8e22950-188b-46cb-8536-427e99e1046e.json]
[2025-07-02 10:57:46,577] INFO] Saved article to queue\1964d8d3-8d00-470f-8263-8873b2ac3068.json]
[2025-07-02 10:57:46,579] INFO] Saved article to queue\88ecec17-3d69-468f-ac4e-d4e261e1d4d3.json]
[2025-07-02 10:57:46,580] INFO] Saved article to queue\db38a274-0631-48f4-aa04-360da61bdd21.json]
[2025-07-02 10:57:46,581] INFO] Saved article to queue\1954941d-7ae7-4d28-a49c-c023b35c4c50.json]
[2025-07-02 10:57:46,582] INFO] Saved article to queue\2a6cb5f3-4dd4-4114-aa08-9f4f38f1937e.json]
[2025-07-02 10:57:46,583] INFO] Saved article to queue\0ac55459-0484-4df7-ab2a-e36a91148191.json]
[2025-07-02 10:57:46,584] INFO] Saved article to queue\3518d465-ca36-410a-a4dd-0da7c5568c29.json]
[2025-07-02 10:57:46,585] INFO] Saved article to queue\a1e557bb-d72c-4d3f-b454-08d0b9fa8f35.json]
[2025-07-02 10:57:46,586] INFO] Saved article to queue\c991742c-1209-46a4-994e-a8fe88fe9b11.json]
[2025-07-02 10:57:46,587] INFO] Saved article to queue\dae82398-c043-4f56-ab35-70efeadf37bc.json]
[2025-07-02 10:57:46,588] INFO] Saved article to queue\e5452f24-6f06-48fc-a37f-8ebdce92fc45.json]
[2025-07-02 10:57:46,589] INFO] Saved article to queue\99625cc3-9210-419d-8302-3f90ba22b00d.json]
[2025-07-02 10:57:46,590] INFO] Saved article to queue\bdf1a512-7e11-4dee-8b72-09d23263fce1.json]
[2025-07-02 10:57:46,591] INFO] Saved article to queue\684e104d-c8c1-488d-87ef-a57fe031e739.json]
[2025-07-02 10:57:46,592] INFO] Saved article to queue\a5bc43af-6a53-4c8d-ab64-a3f4b601a53a.json]
[2025-07-02 10:57:46,593] INFO] Saved article to queue\64fd6936-7757-473a-a9b8-03015ad52008.json]
[2025-07-02 10:57:46,595] INFO] Saved article to queue\e2e95da5-5d95-45cf-94f0-9442efb29794.json]
[2025-07-02 10:57:46,595] INFO] Saved article to queue\813b248c-d744-4189-a639-beca7aac7e1c.json]
[2025-07-02 10:57:46,597] INFO] Saved article to queue\c9aa5bb4-6a01-4315-b225-b46ced2d4be6.json]
[2025-07-02 10:57:46,598] INFO] Saved article to queue\2413b939-ec95-4a4e-b8b7-a3fab86f3ef7.json]
[2025-07-02 10:57:46,599] INFO] Saved article to queue\44998990-e18a-41d6-be58-c483d570aef8.json]
[2025-07-02 10:57:46,600] INFO] Saved article to queue\099288cd-1ef4-49d5-b4e3-2e31f71682fe.json]
[2025-07-02 10:57:46,602] INFO] Saved article to queue\d4216922-b7f2-44a9-a79e-49754e200efd.json]
[2025-07-02 10:57:46,603] INFO] Saved article to queue\ecc842a9-a62e-466c-a242-a1aa5a9249ae.json]
[2025-07-02 10:57:46,605] INFO] Saved article to queue\e8da7883-c3fa-443a-bd1b-cfb3ad0d4684.json]
[2025-07-02 10:57:46,606] INFO] Saved article to queue\878d0900-fb1a-43e2-916e-746a207f6023.json]
[2025-07-02 10:57:46,607] INFO] Saved article to queue\4b7a702d-b6fd-4694-8787-189691d3932c.json]
[2025-07-02 10:57:46,608] INFO] Saved article to queue\7650b596-60fe-4762-9261-dfdd24474bbe.json]
[2025-07-02 10:57:46,609] INFO] Saved article to queue\0b832852-84ee-49d6-95ed-e2b0d96d40d3.json]
[2025-07-02 10:57:46,611] INFO] Saved article to queue\4a7293c9-3be8-4107-9ec6-39fde9d963b0.json]
[2025-07-02 10:57:46,612] INFO] Saved article to queue\02f95de4-cdd0-4c4a-a808-c643e1bcb7d9.json]
[2025-07-02 10:57:46,613] INFO] Saved article to queue\60f0dd6c-e023-4653-9191-bbd7bf980a19.json]
[2025-07-02 10:57:46,614] INFO] Saved article to queue\a797c51b-dfd3-4520-991c-0cb12272f84e.json]
[2025-07-02 10:57:46,616] INFO] Saved article to queue\4bd5b081-f673-4dbf-ae8e-6196059afc95.json]
[2025-07-02 10:57:46,617] INFO] Saved article to queue\1de8d936-7aef-4a7b-9e27-075c0f3c6b86.json]
[2025-07-02 10:57:46,618] INFO] Saved article to queue\4c637fb7-9b4b-4560-ac08-f8f5fa9beefc.json]
[2025-07-02 10:57:46,619] INFO] Saved article to queue\e3f57ea6-7fff-4705-9fad-f912c7443b0d.json]
[2025-07-02 10:57:46,620] INFO] Saved article to queue\cee53d85-ee83-419f-9494-d59be1fe76b1.json]
[2025-07-02 10:57:46,621] INFO] Saved article to queue\a5018300-6164-4b98-b373-1ca9d54a3f5f.json]
[2025-07-02 10:57:46,622] INFO] Saved article to queue\39eb8045-8441-4a7c-b6da-43be121b9637.json]
[2025-07-02 10:57:46,623] INFO] Saved article to queue\80762775-4234-40e3-afa9-10993db47aba.json]
[2025-07-02 10:57:46,624] INFO] Saved article to queue\a833a72e-f325-4bfe-8a34-94883547d9b3.json]
[2025-07-02 10:57:46,625] INFO] Saved article to queue\f6834ff1-9482-43cd-bef1-97477cae1db2.json]
[2025-07-02 10:57:46,626] INFO] Saved article to queue\c693977c-06fc-4e8b-a424-92dabda09efd.json]
[2025-07-02 10:57:46,627] INFO] Saved article to queue\d490df20-837a-40ca-9a05-7825ea725ebf.json]
[2025-07-02 10:57:46,628] INFO] Saved article to queue\980240b2-b497-4a07-ba2c-90d6c75fd200.json]
[2025-07-02 10:57:46,628] INFO] Saved article to queue\f2f77272-551e-4e9b-8c10-34b4a0d8b5e1.json]
[2025-07-02 10:57:46,629] INFO] Saved article to queue\4664fa38-b98c-46a6-8f00-0514a22623e7.json]
[2025-07-02 10:57:46,630] INFO] Saved article to queue\63e638c5-400e-4cca-a834-ebe0032b1eb4.json]
[2025-07-02 10:57:46,631] INFO] Saved article to queue\60a864b9-7c6a-428c-a8b0-4de6467a4a49.json]
[2025-07-02 10:57:46,632] INFO] Saved article to queue\ff709cca-7391-4e0d-9b39-00ea67425d45.json]
[2025-07-02 10:57:46,634] INFO] Saved article to queue\248e174f-6cd6-41ec-a942-304cca4f0ddb.json]
[2025-07-02 10:57:46,635] INFO] Saved article to queue\e88732dd-7e49-4487-a2dd-abac866b3da9.json]
[2025-07-02 10:57:46,636] INFO] Saved article to queue\ee4285c8-9e20-43af-8989-786edfa296cd.json]
[2025-07-02 10:57:46,637] INFO] Saved article to queue\faaff3c1-163d-449c-8e25-1f010012f652.json]
[2025-07-02 10:57:46,637] INFO] Saved article to queue\df60a024-9578-43f5-9f44-e346bd24a21b.json]
[2025-07-02 10:57:46,638] INFO] Saved article to queue\76723c03-1206-43b1-a92f-5eb7c18d7eb7.json]
[2025-07-02 10:57:46,639] INFO] Saved article to queue\4aa19da1-97a3-4dd1-99a7-ff2e74fe3c48.json]
[2025-07-02 10:57:46,640] INFO] Saved article to queue\5e7ff5ac-2377-4577-8e93-7032b4aa1675.json]
[2025-07-02 10:57:46,641] INFO] Saved article to queue\4a0c4a1e-b874-4222-8666-aa8b60bd383a.json]
[2025-07-02 10:57:46,642] INFO] Saved article to queue\ae4985df-f4fb-4554-ab49-6daa9054b2b2.json]
[2025-07-02 10:57:46,643] INFO] Saved article to queue\6dd1dbc4-e1ff-4d56-8f24-1a80b2bfa04e.json]
[2025-07-02 10:57:46,644] INFO] Saved article to queue\f6ba6136-c32a-46cb-a862-328a31ead0af.json]
[2025-07-02 10:57:46,645] INFO] Saved article to queue\0ab830b1-778b-40cd-921b-f81ed18caa21.json]
[2025-07-02 10:57:46,646] INFO] Saved article to queue\275f2f11-e95f-498f-ab83-3d46677a42fc.json]
[2025-07-02 10:57:46,647] INFO] Saved article to queue\dd3689c6-b046-4256-ba9b-13831d7a6258.json]
[2025-07-02 10:57:46,648] INFO] Saved article to queue\97dbb5f9-345b-43ac-af27-410329ecb238.json]
[2025-07-02 10:57:46,650] INFO] Saved article to queue\8c33e713-f98d-4945-a1df-55764b61ef1a.json]
[2025-07-02 10:57:46,651] INFO] Saved article to queue\79d31b04-ff6c-4d6e-bf6d-076c66ddb0d1.json]
[2025-07-02 10:57:46,653] INFO] Saved article to queue\2055de81-fb1f-442b-b3a8-ca7261e24950.json]
[2025-07-02 10:57:46,654] INFO] Saved article to queue\517d1abd-09a9-4d36-a72b-fe80d7a760bd.json]
[2025-07-02 10:57:46,655] INFO] Saved article to queue\f12d2ba1-aadc-46a2-bf11-4f190623ceda.json]
[2025-07-02 10:57:46,656] INFO] Saved article to queue\2ca82458-7c97-4b77-8a03-f2558e3052f5.json]
[2025-07-02 10:57:46,657] INFO] Saved article to queue\6d4811fd-e3ce-40cf-9514-73374d89f9c6.json]
[2025-07-02 10:57:46,658] INFO] Saved article to queue\b45043b2-82fa-47ef-8c1c-ba2430de8c98.json]
[2025-07-02 10:57:46,659] INFO] Saved article to queue\fd35b4dd-4b83-4b09-9e1b-5780d9756eed.json]
[2025-07-02 10:57:46,660] INFO] Saved article to queue\b2a8322d-1fac-4962-8fe6-796cdd212741.json]
[2025-07-02 10:57:46,661] INFO] Saved article to queue\dbc96012-adf8-40da-8a37-32966a346155.json]
[2025-07-02 10:57:46,662] INFO] Saved article to queue\a83f01d2-161c-4b68-9c3f-7d44ccdb1899.json]
[2025-07-02 10:57:46,663] INFO] Saved article to queue\f92513b6-8c57-459d-a0b3-5bce98ceac1a.json]
[2025-07-02 10:57:46,664] INFO] Saved article to queue\70c9e5a0-8e8d-4615-9817-7313105d0e74.json]
[2025-07-02 10:57:46,665] INFO] Saved article to queue\7de2e917-b179-4267-93fb-cbe8cb4e12f6.json]
[2025-07-02 10:57:46,666] INFO] Saved article to queue\5b20f59c-f027-49d0-b09e-6f04dcb7b132.json]
[2025-07-02 10:57:46,667] INFO] Saved article to queue\3eb52a38-5b7c-465b-852f-1893e3f02adf.json]
[2025-07-02 10:57:46,669] INFO] Saved article to queue\43ced5ae-7885-4391-adc1-91bb1bc402fb.json]
[2025-07-02 10:57:46,669] INFO] Saved article to queue\432de3ba-97f9-4d27-bc5b-2ba517c520b9.json]
[2025-07-02 10:57:46,670] INFO] Saved article to queue\63f9ab18-4e6a-48ef-a6e9-8a470ba99e4e.json]
[2025-07-02 10:57:46,671] INFO] Saved article to queue\2b33b536-05b7-4616-811d-b4d4c0ebf7b8.json]
[2025-07-02 10:57:46,673] INFO] Saved article to queue\56eb2fb2-791d-4fc9-a3b3-d45da5bb33ec.json]
[2025-07-02 10:57:46,673] INFO] Saved article to queue\0ef14ea7-c57f-48b1-a6b7-271a2852b055.json]
[2025-07-02 10:57:46,674] INFO] Saved article to queue\c167224c-54e1-406d-bbd7-706b5db6910e.json]
[2025-07-02 10:57:46,675] INFO] Saved article to queue\e51f93ee-1c3a-4f45-92c4-c9393fedf348.json]
[2025-07-02 10:57:46,677] INFO] Saved article to queue\5c53bb87-59dd-465d-9b51-650d97a1f75f.json]
[2025-07-02 10:57:46,678] INFO] Saved article to queue\52a55b00-8d4d-4c6a-a042-4fd937a52a2e.json]
[2025-07-02 10:57:46,679] INFO] Saved article to queue\2cfb8be3-7f38-47ff-a47e-92e9c294ea0c.json]
[2025-07-02 10:57:46,680] INFO] Saved article to queue\9c3a9074-389d-4046-ad12-14e89838a0ac.json]
[2025-07-02 10:57:46,681] INFO] Saved article to queue\d0b3f853-3bfc-466c-b342-b47e237c2b7c.json]
[2025-07-02 10:57:46,682] INFO] Saved article to queue\1f47a652-7850-43fb-a049-0a5474cfd45a.json]
[2025-07-02 10:57:46,683] INFO] Saved article to queue\5a44fe93-0265-42c0-80f5-1d03afaf4d5b.json]
[2025-07-02 10:57:46,684] INFO] Saved article to queue\5deb6d5c-7992-43c4-85da-5a4c9265a427.json]
[2025-07-02 10:57:46,686] INFO] Saved article to queue\a0d9c665-85b6-42a7-8c84-c8a7b347cf24.json]
[2025-07-02 10:57:46,687] INFO] Saved article to queue\c5ac01b9-9946-4a4b-bea9-b87168431c3e.json]
[2025-07-02 10:57:46,688] INFO] Saved article to queue\3e72c046-8253-400d-afcb-94004de77469.json]
[2025-07-02 10:57:46,689] INFO] Saved article to queue\855ac776-ae22-4d6b-b03b-6deeb5f13d92.json]
[2025-07-02 10:57:46,691] INFO] Saved article to queue\3c831e1d-6acf-4878-9952-5d5f109a4839.json]
[2025-07-02 10:57:46,692] INFO] Saved article to queue\e0a63e16-d2e1-4b01-96cf-c47ab9032790.json]
[2025-07-02 10:57:46,693] INFO] Saved article to queue\f32b2b3c-276e-48a2-88b9-255beef1bfe0.json]
[2025-07-02 10:57:46,694] INFO] Saved article to queue\4454709f-7cad-47e2-854e-9da69f8791b5.json]
[2025-07-02 10:57:46,695] INFO] Saved article to queue\fd945933-fab6-46a6-bcb1-25268035fbaa.json]
[2025-07-02 10:57:46,696] INFO] Saved article to queue\2e22fdc9-9977-44ef-8763-a205abca2271.json]
[2025-07-02 10:57:46,697] INFO] Saved article to queue\152b761d-dc4f-4637-b37d-e58af200e070.json]
[2025-07-02 10:57:46,699] INFO] Saved article to queue\c68c02c5-0acc-44d7-a4b7-30e3db2d1a88.json]
[2025-07-02 10:57:46,700] INFO] Saved article to queue\38be0bc1-4d56-4dbe-91b1-9d8eeba9ab56.json]
[2025-07-02 10:57:46,701] INFO] Saved article to queue\169f7671-cdd6-4150-a0f1-77df14814684.json]
[2025-07-02 10:57:46,703] INFO] Saved article to queue\96bb26f1-501d-4e18-8eb5-1d1e70659515.json]
[2025-07-02 10:57:46,704] INFO] Saved article to queue\44628b71-21dc-46e1-afb9-62ae410fd88c.json]
[2025-07-02 10:57:46,705] INFO] Saved article to queue\194c069b-9f11-493a-83f8-5d07c8ac0cea.json]
[2025-07-02 10:57:46,706] INFO] Saved article to queue\afbc9e0b-9a1f-4ca9-be2a-cc12f2c53899.json]
[2025-07-02 10:57:46,707] INFO] Saved article to queue\db4ff339-8c6f-4b24-8820-e01160beacf8.json]
[2025-07-02 10:57:46,709] INFO] Saved article to queue\2e03dec1-2815-4990-bae4-0eee937b0184.json]
[2025-07-02 10:57:46,710] INFO] Saved article to queue\629bdff8-0bf1-468e-8008-369e13d03322.json]
[2025-07-02 10:57:46,711] INFO] Saved article to queue\86ae6090-5128-401b-af48-ab13a2ce7358.json]
[2025-07-02 10:57:46,712] INFO] Saved article to queue\2ba47421-c9ba-4f19-b517-251de0948521.json]
[2025-07-02 10:57:46,713] INFO] Saved article to queue\0847d29f-86bc-4f10-8c23-44ecb0e20f1c.json]
[2025-07-02 10:57:46,715] INFO] Saved article to queue\f9a6d533-7391-4883-bcd6-32a5363d1722.json]
[2025-07-02 10:57:46,716] INFO] Saved article to queue\2c394231-1c93-45dd-a6c4-e1a5dcbaaf6d.json]
[2025-07-02 10:57:46,717] INFO] Saved article to queue\42d417c0-ccce-463f-b5e8-e73f3f32e6c5.json]
[2025-07-02 10:57:46,719] INFO] Saved article to queue\877d7a08-1775-4553-a1d7-8d3c1e5f6b19.json]
[2025-07-02 10:57:46,719] INFO] Saved article to queue\af5638c3-d1e5-49cf-895d-135c066c064d.json]
[2025-07-02 10:57:46,721] INFO] Saved article to queue\53b43638-6b74-4841-9d11-e8b1317c0c27.json]
[2025-07-02 10:57:46,721] INFO] Saved article to queue\cdf3a38c-bd3f-4173-a3d9-7d243fb478d2.json]
[2025-07-02 10:57:46,723] INFO] Saved article to queue\4cabe133-e943-4981-8fb5-9f4aa39c43e1.json]
[2025-07-02 10:57:46,724] INFO] Saved article to queue\8b59e2d5-b71c-48ba-9b45-d80ebe5d8a57.json]
[2025-07-02 10:57:46,725] INFO] Saved article to queue\b7b7ad70-ceb7-4862-8522-8ff983727b19.json]
[2025-07-02 10:57:46,726] INFO] Saved article to queue\65594113-1e67-4773-b34d-df92b860012a.json]
[2025-07-02 10:57:46,727] INFO] Saved article to queue\13c8a8c5-e395-4a19-afcc-f1800447a07e.json]
[2025-07-02 10:57:46,728] INFO] Saved article to queue\6d474cc3-4af4-409e-9704-e5018b73ef30.json]
[2025-07-02 10:57:46,729] INFO] Saved article to queue\da19fc52-a408-4c77-a316-b604087ac240.json]
[2025-07-02 10:57:46,730] INFO] Saved article to queue\c524a372-c1fa-406a-bcda-598b063fe553.json]
[2025-07-02 10:57:46,730] INFO] Saved article to queue\e2f354b8-78f1-46c9-a04b-a8f8390d06fe.json]
[2025-07-02 10:57:46,731] INFO] Saved article to queue\378ce89b-5ed7-4ab0-ba60-76157e32ad95.json]
[2025-07-02 10:57:46,732] INFO] Saved article to queue\383767ca-6121-45ac-bae4-84994f505405.json]
[2025-07-02 10:57:46,733] INFO] Saved article to queue\63e0e7c9-b423-4cd9-916d-e4c463657430.json]
[2025-07-02 10:57:46,734] INFO] Saved article to queue\fccacab4-359e-4a23-9f76-b50444fa2e29.json]
[2025-07-02 10:57:46,735] INFO] Saved article to queue\2be59192-5269-45bb-adc7-de82587e2a7c.json]
[2025-07-02 10:57:46,736] INFO] Saved article to queue\31ce6684-684f-4d74-81fb-929f811b567f.json]
[2025-07-02 10:57:46,737] INFO] Saved article to queue\9454d93b-48c5-44b0-9a16-e7b099d65dee.json]
[2025-07-02 10:57:46,738] INFO] Saved article to queue\46cf69de-23ef-4753-8a12-d2da773d5838.json]
[2025-07-02 10:57:46,739] INFO] Saved article to queue\51bb2109-c846-4327-b8cb-6211c55332ef.json]
[2025-07-02 10:57:46,740] INFO] Saved article to queue\b8c701a7-2e02-49f0-94ce-11a9b74c7ce3.json]
[2025-07-02 10:57:46,741] INFO] Saved article to queue\38ab1d57-d328-41aa-b3c5-05437aabf376.json]
[2025-07-02 10:57:46,742] INFO] Saved article to queue\cc629c91-6719-4f73-ac49-cd84d7896bc7.json]
[2025-07-02 10:57:46,742] INFO] Saved article to queue\bcd4cb7e-ac75-4560-bd6f-d5ebd88436f2.json]
[2025-07-02 10:57:46,744] INFO] Saved article to queue\e619dc86-ebca-4275-b18f-81352627a048.json]
[2025-07-02 10:57:46,744] INFO] Saved article to queue\bc96e11d-544a-4a86-b29e-e5d6c69e7569.json]
[2025-07-02 10:57:46,745] INFO] Saved article to queue\b328a3a9-a0a6-4abc-9712-9a568942a674.json]
[2025-07-02 10:57:46,746] INFO] Saved article to queue\e6afbc9b-09ee-4f9b-913f-baafc00ea3ef.json]
[2025-07-02 10:57:46,747] INFO] Saved article to queue\302c8907-733c-4284-bc4c-47b7010c6be2.json]
[2025-07-02 10:57:46,748] INFO] Saved article to queue\c16e73e3-89fc-4ee7-94d1-07ad39d928c3.json]
[2025-07-02 10:57:46,749] INFO] Saved article to queue\d2b30aac-a7c4-4262-80a4-a95a27ddb1f2.json]
[2025-07-02 10:57:46,751] INFO] Saved article to queue\8ca26e19-c49c-46a7-9bf5-33095d94f260.json]
[2025-07-02 10:57:46,752] INFO] Saved article to queue\5113adb7-17ec-477a-8c50-882933a02cfb.json]
[2025-07-02 10:57:46,753] INFO] Saved article to queue\1047e7bf-4c4f-4aec-a9bd-1c44687f492f.json]
[2025-07-02 10:57:46,754] INFO] Saved article to queue\79017bb8-0214-4f52-982b-24ee46563e21.json]
[2025-07-02 10:57:46,755] INFO] Saved article to queue\dbd0e202-0ffa-4ace-b27d-50dc605b2792.json]
[2025-07-02 10:57:46,756] INFO] Saved article to queue\784fe05a-9378-4222-8c7b-980807b7fe48.json]
[2025-07-02 10:57:46,757] INFO] Saved article to queue\0936330b-3958-45e8-8675-d8d25446ee64.json]
[2025-07-02 10:57:46,757] INFO] Saved article to queue\fb53cabc-afb2-41e2-9c1c-dc3abe81d54e.json]
[2025-07-02 10:57:46,758] INFO] Saved article to queue\ed2705ce-f1ec-4102-ab02-1e2fec9362c8.json]
[2025-07-02 10:57:46,759] INFO] Saved article to queue\0a467550-6a76-416a-9305-ba7a21bc6865.json]
[2025-07-02 10:57:46,760] INFO] Saved article to queue\fcc2275a-bb91-4e60-959d-ece18777488f.json]
[2025-07-02 10:57:46,761] INFO] Saved article to queue\8c39553e-a947-4226-9dcd-f7d839ba6910.json]
[2025-07-02 10:57:46,762] INFO] Saved article to queue\5842a3c4-e3f6-4555-8359-135a5417b5eb.json]
[2025-07-02 10:57:46,764] INFO] Saved article to queue\20636181-3597-4a55-bf80-72017c13d77f.json]
[2025-07-02 10:57:46,765] INFO] Saved article to queue\cc0e5b12-187c-4596-966b-beadc7581ba9.json]
[2025-07-02 10:57:46,766] INFO] Saved article to queue\77decc6d-a5c8-4474-a82b-819763a7c6da.json]
[2025-07-02 10:57:46,767] INFO] Saved article to queue\e7fb4904-61af-4a4d-bf11-7dcc12f43500.json]
[2025-07-02 10:57:46,768] INFO] Saved article to queue\3013b5b1-d847-4da4-8c27-93f7c23b5f33.json]
[2025-07-02 10:57:46,769] INFO] Saved article to queue\0448d6ac-163b-4a1a-a128-528f833ee20c.json]
[2025-07-02 10:57:46,770] INFO] Saved article to queue\9715e504-3fd4-4415-a7d7-0c3ad9c41fef.json]
[2025-07-02 10:57:46,771] INFO] Saved article to queue\8df6dd04-64ef-4fa3-a6d3-8177dd90fa5c.json]
[2025-07-02 10:57:46,772] INFO] Saved article to queue\c8993b89-4d1e-419c-bc7a-4a33965d1106.json]
[2025-07-02 10:57:46,773] INFO] Saved article to queue\85f1aeab-9a2a-436e-8001-ce02f8806ecb.json]
[2025-07-02 10:57:46,775] INFO] Saved article to queue\440ad4f7-497e-4dea-845a-12b7a1d843de.json]
[2025-07-02 10:57:46,776] INFO] Saved article to queue\c448d391-1b8f-4d60-8d2d-4358558ae6de.json]
[2025-07-02 10:57:46,778] INFO] Saved article to queue\4a262ca9-47b1-4bff-a0f7-680e060e0081.json]
[2025-07-02 10:57:46,779] INFO] Saved article to queue\735a0f38-b46d-4f27-88f3-2a188b1df9dd.json]
[2025-07-02 10:57:46,780] INFO] Saved article to queue\91b89465-60b4-45fd-8b0b-fb1dadaa9c0b.json]
[2025-07-02 10:57:46,781] INFO] Saved article to queue\34907176-b2c9-45a2-8a46-32605c71eeaa.json]
[2025-07-02 10:57:46,783] INFO] Saved article to queue\82a22371-f2e1-44c9-a799-5b737f5893b1.json]
[2025-07-02 10:57:46,784] INFO] Saved article to queue\c245ec92-679a-49c3-afd1-137874912c27.json]
[2025-07-02 10:57:46,784] INFO] Saved article to queue\7a004052-a8ce-4eed-bb7b-04cc7a78b5d0.json]
[2025-07-02 10:57:46,785] INFO] Saved article to queue\14268599-a2d6-4a93-a262-f625241a845e.json]
[2025-07-02 10:57:46,786] INFO] Saved article to queue\db8af27a-dae9-425c-9018-7400dee364de.json]
[2025-07-02 10:57:46,787] INFO] Saved article to queue\65c2f5bb-29f5-40e6-b9b5-6bea19f7c431.json]
[2025-07-02 10:57:46,788] INFO] Saved article to queue\eec2e516-3a68-449d-9191-a661cb4ed102.json]
[2025-07-02 10:57:46,789] INFO] Saved article to queue\6b658f4d-43ae-4253-9663-d4e16effb30f.json]
[2025-07-02 10:57:46,790] INFO] Saved article to queue\85d59b2a-1014-4bc7-a3db-8ef268c12c9e.json]
[2025-07-02 10:57:46,791] INFO] Saved article to queue\f80ca5e3-4223-4faa-96dc-fa19e3b30584.json]
[2025-07-02 10:57:46,792] INFO] Saved article to queue\51d3af41-4a5a-4452-b1b2-08b5f22cb6f7.json]
[2025-07-02 10:57:46,793] INFO] Saved article to queue\16076222-e3aa-47c2-bf77-3316fdf8e45a.json]
[2025-07-02 10:57:46,794] INFO] Saved article to queue\effc8d72-9b47-4dab-bff0-2a3560228224.json]
[2025-07-02 10:57:46,794] INFO] Saved article to queue\fb2e2d59-2c40-4eaa-b55b-d51ddf4ee914.json]
[2025-07-02 10:57:46,796] INFO] Saved article to queue\7ea5ca23-d0db-4cfd-83e5-93dd3b03d483.json]
[2025-07-02 10:57:46,797] INFO] Saved article to queue\88c58d6c-add5-449a-b448-b3d3e9041c4c.json]
[2025-07-02 10:57:46,797] INFO] Saved article to queue\58239f43-4a11-467b-a25a-3aeaf3a3915c.json]
[2025-07-02 10:57:46,798] INFO] Saved article to queue\a1c408c7-564f-4aa4-a7ee-0e4d2c498deb.json]
[2025-07-02 10:57:46,800] INFO] Saved article to queue\8f33e4bd-f568-4425-8ac0-d4fcda11ce21.json]
[2025-07-02 10:57:46,801] INFO] Saved article to queue\ea98cce1-d690-41ef-8b97-f3b5f9e1a7ec.json]
[2025-07-02 10:57:46,801] INFO] Saved article to queue\a7933ed9-27db-457e-b4bf-69c9afb6a456.json]
[2025-07-02 10:57:46,802] INFO] Saved article to queue\1c4e5dbe-de93-4894-895e-fb2a6a92e85f.json]
[2025-07-02 10:57:46,803] INFO] Saved article to queue\c3713a31-1465-4102-9d2e-c5c36528b54b.json]
[2025-07-02 10:57:46,804] INFO] Saved article to queue\92b35c38-aee4-4e1f-8f5e-33d66a887121.json]
[2025-07-02 10:57:46,806] INFO] Saved article to queue\00d9d06c-81f7-4f58-826e-e94c71f32d00.json]
[2025-07-02 10:57:46,806] INFO] Saved article to queue\7b92fb0a-0eb9-4d32-9694-b8596a93bf4e.json]
[2025-07-02 10:57:46,807] INFO] Saved article to queue\7d44a76a-c7f9-42c6-add1-bc992a3b6dcb.json]
[2025-07-02 10:57:46,808] INFO] Saved article to queue\3a5fa681-293f-4c8d-ac38-54ff9741d026.json]
[2025-07-02 10:57:46,809] INFO] Saved article to queue\85d185c4-af31-41e0-9c8d-0abfa22ba38f.json]
[2025-07-02 10:57:46,810] INFO] Saved article to queue\d60e1eef-253b-4c3c-aeaf-8fef5998196d.json]
[2025-07-02 10:57:46,811] INFO] Saved article to queue\da19d730-f305-4d71-a198-9412cb571f9c.json]
[2025-07-02 10:57:46,812] INFO] Saved article to queue\5a3668a1-2be4-42f5-aa56-8e16b27c6d80.json]
[2025-07-02 10:57:46,813] INFO] Saved article to queue\e2314c48-3646-4219-99e8-622a486aeb0b.json]
[2025-07-02 10:57:46,814] INFO] Saved article to queue\1d60be2c-7e34-4ad9-86ca-d1825a495514.json]
[2025-07-02 10:57:46,816] INFO] Saved article to queue\be1c845d-3eea-4750-b046-0f4cffdcdf71.json]
[2025-07-02 10:57:46,817] INFO] Saved article to queue\7fdad088-8952-4dcd-92ef-737adb538bb6.json]
[2025-07-02 10:57:46,819] INFO] Saved article to queue\1ad4fdee-a1bc-40fe-98b6-147995880905.json]
[2025-07-02 10:57:46,820] INFO] Saved article to queue\924c4b06-bdb3-4d17-8e9f-a551e0d1a86e.json]
[2025-07-02 10:57:46,820] INFO] Saved article to queue\94d6fafd-b131-4eb5-810e-257f35e8f1f9.json]
[2025-07-02 10:57:46,822] INFO] Saved article to queue\8adde674-74b0-4ab1-a07a-eeaeb8b2e746.json]
[2025-07-02 10:57:46,823] INFO] Saved article to queue\015b4a1f-1b74-4856-9ecb-5f1b4d7520bb.json]
[2025-07-02 10:57:46,824] INFO] Saved article to queue\ea0903be-d10d-42f7-86c5-5cee790b72df.json]
[2025-07-02 10:57:46,825] INFO] Saved article to queue\b46b09b5-d283-4e68-8ded-9484f88bed48.json]
[2025-07-02 10:57:46,827] INFO] Saved article to queue\e77efe6c-b2b9-47ff-a4d0-041fe0214618.json]
[2025-07-02 10:57:46,828] INFO] Saved article to queue\10222cd6-bf0b-4859-b044-fbe23706cf8e.json]
[2025-07-02 10:57:46,829] INFO] Saved article to queue\f3d5f33d-0589-4311-80f5-75c807ca4267.json]
[2025-07-02 10:57:46,830] INFO] Saved article to queue\716979da-5994-4428-8516-697575c22650.json]
[2025-07-02 10:57:46,831] INFO] Saved article to queue\083f4117-ad32-4d25-9ae5-0a15310941b9.json]
[2025-07-02 10:57:46,832] INFO] Saved article to queue\b9a9ed4c-b5f6-4ef7-8ad8-b3a6e68bc72f.json]
[2025-07-02 10:57:46,833] INFO] Saved article to queue\988bf92f-a456-410f-980c-3d5ff0e06ae9.json]
[2025-07-02 10:57:46,834] INFO] Saved article to queue\18319678-1ec1-4c48-9cb0-626df5db21fd.json]
[2025-07-02 10:57:46,835] INFO] Saved article to queue\ebeea74f-69b5-4b9d-a9dd-bf88c34b3fe2.json]
[2025-07-02 10:57:46,836] INFO] Saved article to queue\068cef62-0670-45bd-b6c3-aa063b31bc52.json]
[2025-07-02 10:57:46,837] INFO] Saved article to queue\c368f49d-468b-4950-ab82-9373bbfde767.json]
[2025-07-02 10:57:46,838] INFO] Saved article to queue\beeb0d85-3b33-4c13-8be1-5c638b944446.json]
[2025-07-02 10:57:46,840] INFO] Saved article to queue\d7692f98-135f-4dae-96ee-26f5ba2a11be.json]
[2025-07-02 10:57:46,840] INFO] Saved article to queue\1c6faa3f-5d27-4b59-a8d6-ae63663f2bf4.json]
[2025-07-02 10:57:46,841] INFO] Saved article to queue\aaec5399-9621-4da1-a99f-fef7720144e1.json]
[2025-07-02 10:57:46,843] INFO] Saved article to queue\f4948e2e-3ba4-4663-b8ee-d609ace562f7.json]
[2025-07-02 10:57:46,843] INFO] Saved article to queue\fe8e0e73-dc29-4078-af29-8a9cfbe4a44b.json]
[2025-07-02 10:57:46,844] INFO] Saved article to queue\7e77c113-3c43-41d0-9a4e-d7aadefba2c4.json]
[2025-07-02 10:57:46,845] INFO] Saved article to queue\fa6f7246-8634-42c5-ae3b-6517374f5531.json]
[2025-07-02 10:57:46,846] INFO] Saved article to queue\d5bfaecc-1dc9-4330-9817-dc358848a949.json]
[2025-07-02 10:57:46,847] INFO] Saved article to queue\fef477b3-912d-4ca5-bbfb-590324d287d0.json]
[2025-07-02 10:57:46,848] INFO] Saved article to queue\3d3e95ee-2be5-459a-b8d8-6fb311fbdeb8.json]
[2025-07-02 10:57:46,849] INFO] Saved article to queue\3a68fcbf-4c54-43ae-a827-5f4a20ffd27e.json]
[2025-07-02 10:57:46,850] INFO] Saved article to queue\2ea674bb-154b-4ddd-a2d0-e61ad872a9be.json]
[2025-07-02 10:57:46,852] INFO] Saved article to queue\e1f6fc46-ce27-4c62-8fac-8aef4f9db45a.json]
[2025-07-02 10:57:46,853] INFO] Saved article to queue\913e2a3a-8ee7-47c0-a471-defc86fd1439.json]
[2025-07-02 10:57:46,853] INFO] Saved article to queue\da57c730-c6b9-4d18-b8d4-eefd9c500b09.json]
[2025-07-02 10:57:46,854] INFO] Saved article to queue\d0ebfc43-f5ee-426e-81e0-501014ad157f.json]
[2025-07-02 10:57:46,855] INFO] Saved article to queue\566ab5b0-ec37-4f18-8d5d-01f851f96404.json]
[2025-07-02 10:57:46,856] INFO] Saved article to queue\da1fbe2e-bb70-4631-9c62-a955e105a864.json]
[2025-07-02 10:57:46,857] INFO] Saved article to queue\c9d31c01-cdaf-48a3-975e-49d9fa43bfc2.json]
[2025-07-02 10:57:46,858] INFO] Saved article to queue\d8b171d5-ac11-49f8-8935-a55412179b4f.json]
[2025-07-02 10:57:46,859] INFO] Saved article to queue\859caec3-2130-45e1-8c2b-8476b4b7d5c7.json]
[2025-07-02 10:57:46,860] INFO] Saved article to queue\ae192f67-b340-4d6d-9e42-8dc209a42077.json]
[2025-07-02 10:57:46,861] INFO] Saved article to queue\f3732c30-ff92-4980-8e89-090707100b75.json]
[2025-07-02 10:57:46,862] INFO] Saved article to queue\b8a4d93e-b965-4312-b833-1d0d0b53d608.json]
[2025-07-02 10:57:46,863] INFO] Saved article to queue\8392077e-7a93-4cef-8cad-970e4f63ea15.json]
[2025-07-02 10:57:46,864] INFO] Saved article to queue\d749c5a0-16e2-4e3f-b2e3-f613db4a9dae.json]
[2025-07-02 10:57:46,864] INFO] Saved article to queue\ea3bf699-b355-4b4f-a734-4b81eaa90ef4.json]
[2025-07-02 10:57:46,866] INFO] Saved article to queue\096684ab-8e86-4ee5-b6a9-91ee30bee885.json]
[2025-07-02 10:57:46,869] INFO] Saved article to queue\0853b9e4-054d-43bb-a782-391c8f58c01d.json]
[2025-07-02 10:57:46,870] INFO] Saved article to queue\784a4760-1883-4aa3-b715-f9a297f2b2b7.json]
[2025-07-02 10:57:46,871] INFO] Saved article to queue\96fa9344-a17d-4d31-a01c-27fe8c4e6284.json]
[2025-07-02 10:57:46,872] INFO] Saved article to queue\31ad6313-dc8a-4261-a291-68aff1a1b4bd.json]
[2025-07-02 10:57:46,873] INFO] Saved article to queue\94de5f88-fc79-4ceb-a422-391ff00f129f.json]
[2025-07-02 10:57:46,874] INFO] Saved article to queue\b5f26c70-2a43-4cbc-a312-84a62b44f17e.json]
[2025-07-02 10:57:46,875] INFO] Saved article to queue\26c8db4a-a29d-4e20-b1d3-d3e567566bd7.json]
[2025-07-02 10:57:46,876] INFO] Saved article to queue\bdbd8fb6-edac-4640-bd7a-2bed59d16504.json]
[2025-07-02 10:57:46,876] INFO] Saved article to queue\0118296a-2905-4f30-97c6-0240723e9bc3.json]
[2025-07-02 10:57:46,878] INFO] Saved article to queue\50a2c1a5-1efb-46bd-beb0-6a9114d3e24d.json]
[2025-07-02 10:57:46,879] INFO] Saved article to queue\2377757b-d21a-4b3a-b973-d1c53abc194b.json]
[2025-07-02 10:57:46,879] INFO] Saved article to queue\77f0b11f-8c12-4021-9692-5835dd84205a.json]
[2025-07-02 10:57:46,881] INFO] Saved article to queue\2e62ce19-2ae6-4a07-b0ba-40a2a783aac0.json]
[2025-07-02 10:57:46,882] INFO] Saved article to queue\02652adb-0921-4e1b-890b-102e145f0d1c.json]
[2025-07-02 10:57:46,883] INFO] Saved article to queue\868e8f75-f767-47a4-9bab-69f878f07789.json]
[2025-07-02 10:57:46,884] INFO] Saved article to queue\c22e5d01-963e-4f9c-a5e0-6b1670beadf7.json]
[2025-07-02 10:57:46,885] INFO] Saved article to queue\c763bdcc-1b9e-4277-84c7-bb5deceb7dcd.json]
[2025-07-02 10:57:46,886] INFO] Saved article to queue\01c8c310-828e-4455-8028-2470b5e307fa.json]
[2025-07-02 10:57:46,887] INFO] Saved article to queue\200eb27d-5045-47c5-8513-cfa2b9e3e665.json]
[2025-07-02 10:57:46,887] INFO] Saved article to queue\ff2203cb-4fe5-4264-9594-3bd743e3fa40.json]
[2025-07-02 10:57:46,888] INFO] Saved article to queue\2a826c88-bf39-4c79-83df-8d37bec8314a.json]
[2025-07-02 10:57:46,890] INFO] Saved article to queue\a5617205-8cbe-44b7-9b0e-b29fea587ca0.json]
[2025-07-02 10:57:46,891] INFO] Saved article to queue\3695de8d-5a71-457d-af51-e857d1b4d356.json]
[2025-07-02 10:57:46,892] INFO] Saved article to queue\9c2b9d65-7622-44e9-8008-92589ce94c3f.json]
[2025-07-02 10:57:46,892] INFO] Saved article to queue\0cf59b62-8654-493c-bd49-8a308441649b.json]
[2025-07-02 10:57:46,894] INFO] Saved article to queue\b38f5c9c-65c6-4795-8167-43188ef4bade.json]
[2025-07-02 10:57:46,894] INFO] Saved article to queue\4d2240e1-4d84-4e94-8c38-f3a8eb55ed91.json]
[2025-07-02 10:57:46,895] INFO] Saved article to queue\924f5072-18de-47ef-8f20-444059ade5c8.json]
[2025-07-02 10:57:46,896] INFO] Saved article to queue\cbb4d275-7c3b-4ec5-a160-2569adda9574.json]
[2025-07-02 10:57:46,897] INFO] Saved article to queue\81b9e10e-da9a-406e-87bc-912c6090ced1.json]
[2025-07-02 10:57:46,898] INFO] Saved article to queue\93ea3dc9-d6bd-4300-ae32-713c65ceeeb7.json]
[2025-07-02 10:57:46,899] INFO] Saved article to queue\6bcbb192-de53-4caf-9d24-54f1ec2f222e.json]
[2025-07-02 10:57:46,900] INFO] Saved article to queue\f1b15cbe-4c8f-422a-a702-42ac07eefae4.json]
[2025-07-02 10:57:46,901] INFO] Saved article to queue\44a2849f-2e52-46ab-9040-2b066ab68382.json]
[2025-07-02 10:57:46,903] INFO] Saved article to queue\d8007e31-b6f3-4566-8db1-e8e53930d5c8.json]
[2025-07-02 10:57:46,904] INFO] Saved article to queue\e914435c-faef-4f36-bb97-36dbc33c58f4.json]
[2025-07-02 10:57:46,905] INFO] Saved article to queue\339511ef-d7ca-4551-966f-3e55541fd2b1.json]
[2025-07-02 10:57:46,905] INFO] Saved article to queue\c4519c0f-00d0-43ec-9385-6f7391bdd1ae.json]
[2025-07-02 10:57:46,907] INFO] Saved article to queue\e21af3f5-8194-4850-95a5-a7aef8f3744d.json]
[2025-07-02 10:57:46,908] INFO] Saved article to queue\231f688a-808e-4e38-8ae8-7aa651bed765.json]
[2025-07-02 10:57:46,909] INFO] Saved article to queue\67dd70b6-6749-4a3c-ae30-04653f5e0e38.json]
[2025-07-02 10:57:46,910] INFO] Saved article to queue\accbcef6-218b-41b7-a181-ad85c77923b4.json]
[2025-07-02 10:57:46,911] INFO] Saved article to queue\1816e217-971b-45d4-8fd0-85420e0d423d.json]
[2025-07-02 10:57:46,912] INFO] Saved article to queue\77650848-180d-49ec-848f-d048e146cd3f.json]
[2025-07-02 10:57:46,913] INFO] Saved article to queue\bad8bd28-3746-4c3e-8859-e7949f49c2fc.json]
[2025-07-02 10:57:46,914] INFO] Saved article to queue\379800d6-0adc-4576-8940-f7da60fe889c.json]
[2025-07-02 10:57:46,915] INFO] Saved article to queue\e8a77b8b-44df-4c02-93e5-ebe5d94a3889.json]
[2025-07-02 10:57:46,917] INFO] Saved article to queue\b367ab00-8255-41f0-bd9b-3f4164cf93a2.json]
[2025-07-02 10:57:46,918] INFO] Saved article to queue\ea7071db-225c-4064-9ccb-1d6db864c67e.json]
[2025-07-02 10:57:46,919] INFO] Saved article to queue\7a30ee40-bb5f-4a53-865b-1499ab4233c8.json]
[2025-07-02 10:57:46,920] INFO] Saved article to queue\6fabbb5b-1353-4847-b528-38b38a0812c0.json]
[2025-07-02 10:57:46,921] INFO] Saved article to queue\c6d90f2d-f198-4c8f-bb76-7a84ba380f5b.json]
[2025-07-02 10:57:46,922] INFO] Saved article to queue\c086b2d7-d975-4faa-9960-696fd4c2f991.json]
[2025-07-02 10:57:46,923] INFO] Saved article to queue\e4053477-cc02-4b74-ad1f-0d48e5020a12.json]
[2025-07-02 10:57:46,924] INFO] Saved article to queue\e1a29fbb-3dca-4494-8d8c-6703900c1f29.json]
[2025-07-02 10:57:46,925] INFO] Saved article to queue\3fd0c7b1-0375-4c57-8981-8cba594a1d72.json]
[2025-07-02 10:57:46,926] INFO] Saved article to queue\7ae3f2a3-6354-4a11-b3fd-e6c9a37ca5d6.json]
[2025-07-02 10:57:46,927] INFO] Saved article to queue\ee8cb8cf-47a3-4588-a96c-bacc5345dafa.json]
[2025-07-02 10:57:46,929] INFO] Saved article to queue\a89c6e84-8ddc-44b9-a2c0-11d9ecfd8ac4.json]
[2025-07-02 10:57:46,930] INFO] Saved article to queue\ce9313cd-e69b-4895-8c86-ae36d3a1ceb5.json]
[2025-07-02 10:57:46,931] INFO] Saved article to queue\7a030f5c-68ff-4454-9e04-c7c23f613bf3.json]
[2025-07-02 10:57:46,932] INFO] Saved article to queue\9257b4a5-d3f1-46b4-a24f-0a5cc3a87fac.json]
[2025-07-02 10:57:46,933] INFO] Saved article to queue\7e4c09f0-7a16-4914-b220-cf5d7a491d38.json]
[2025-07-02 10:57:46,935] INFO] Saved article to queue\03619abe-6a60-4f3c-b2ba-aea3a8d6d913.json]
[2025-07-02 10:57:46,936] INFO] Saved article to queue\cb87fa0b-5ac7-4d91-8720-6ff8fa52ce46.json]
[2025-07-02 10:57:46,937] INFO] Saved article to queue\bd069b3b-94f1-41fe-a2ed-ef55e193477d.json]
[2025-07-02 10:57:46,938] INFO] Saved article to queue\d64d7243-4593-483a-911b-39bba0892cc2.json]
[2025-07-02 10:57:46,939] INFO] Saved article to queue\f6cec30c-7773-4826-9df0-11f18bbf4efd.json]
[2025-07-02 10:57:46,940] INFO] Saved article to queue\f3d9735f-056d-4d59-b2b9-6a6f17484326.json]
[2025-07-02 10:57:46,941] INFO] Saved article to queue\741ae92d-d3cc-4ee6-a2cd-60fa9ed97ab3.json]
[2025-07-02 10:57:46,942] INFO] Saved article to queue\67d90290-b27b-4bda-828f-0bd70c3423d7.json]
[2025-07-02 10:57:46,943] INFO] Saved article to queue\77a9cd9d-a7eb-426c-9eba-4a30f51fdb21.json]
[2025-07-02 10:57:46,944] INFO] Saved article to queue\1bbc2f35-b113-434d-9acb-0be9c50dab88.json]
[2025-07-02 10:57:46,945] INFO] Saved article to queue\1894a366-3659-443b-a37d-d22836b059dd.json]
[2025-07-02 10:57:46,946] INFO] Saved article to queue\94394f44-fdf8-48a5-b425-805b5bc5bbaa.json]
[2025-07-02 10:57:46,947] INFO] Saved article to queue\66a36657-3554-4346-8608-a52847497082.json]
[2025-07-02 10:57:46,949] INFO] Saved article to queue\8ab3f5b3-11fa-4cf8-a5e5-9dcd83345b6d.json]
[2025-07-02 10:57:46,950] INFO] Saved article to queue\736d35ec-cfeb-49c1-88d2-f0dd6c0f49b4.json]
[2025-07-02 10:57:46,951] INFO] Saved article to queue\441b6094-097d-4449-b3dc-e42081cf6468.json]
[2025-07-02 10:57:46,952] INFO] Saved article to queue\dd9cffc8-699a-4d43-87f1-3a67d2a124fd.json]
[2025-07-02 10:57:46,953] INFO] Saved article to queue\c977a01c-e846-4e6f-8949-49e6631b9b3b.json]
[2025-07-02 10:57:46,953] INFO] Saved article to queue\faff72c3-7304-4a5c-a70f-970541b34af1.json]
[2025-07-02 10:57:46,955] INFO] Saved article to queue\28671572-bc87-48f0-a0e2-c98f4d00d6c1.json]
[2025-07-02 10:57:46,956] INFO] Saved article to queue\7f8cae5f-b958-488f-b74f-81587596c288.json]
[2025-07-02 10:57:46,956] INFO] Saved article to queue\e061d81d-96e6-46f9-b4be-a10b6d6db7d0.json]
[2025-07-02 10:57:46,957] INFO] Saved article to queue\9896c499-3cbc-410f-984f-1f1cb95781e8.json]
[2025-07-02 10:57:46,958] INFO] Saved article to queue\c09bfbb2-9dc3-45c4-add9-b3fc70eed206.json]
[2025-07-02 10:57:46,959] INFO] Saved article to queue\e8152c7a-15a9-4b65-95f8-5cf4f46ba33b.json]
[2025-07-02 10:57:46,960] INFO] Saved article to queue\55f64eb5-ad73-46cf-a333-5f790b7f41ac.json]
[2025-07-02 10:57:46,961] INFO] Saved article to queue\7c38e2e8-d13b-41d9-90fa-f0f8c6c98686.json]
[2025-07-02 10:57:46,962] INFO] Saved article to queue\270fab8c-d79a-4932-95cc-58dd08e593c8.json]
[2025-07-02 10:57:46,963] INFO] Saved article to queue\168cff8c-8f94-406b-959e-25cf13241ca0.json]
[2025-07-02 10:57:46,964] INFO] Saved article to queue\ad12cde9-edd5-444d-8a97-8f945c5c921e.json]
[2025-07-02 10:57:46,965] INFO] Saved article to queue\5febdcce-4795-474a-a077-99260dafb64f.json]
[2025-07-02 10:57:46,966] INFO] Saved article to queue\3da09b3b-d1fa-4647-9e41-d894c4b9d65d.json]
[2025-07-02 10:57:46,967] INFO] Saved article to queue\ee90514c-8938-4432-944a-773c29c35439.json]
[2025-07-02 10:57:46,968] INFO] Saved article to queue\d6771b9f-861f-42b6-a76c-98fe7e6e2556.json]
[2025-07-02 10:57:46,969] INFO] Saved article to queue\2112f36f-1f3c-4ce0-ab74-481e2270c33e.json]
[2025-07-02 10:57:46,970] INFO] Saved article to queue\900ad102-58a2-4aa2-a198-df1f4e5887fe.json]
[2025-07-02 10:57:46,971] INFO] Saved article to queue\df28ddef-caa6-42d6-b0c0-468bf7f8af0a.json]
[2025-07-02 10:57:46,972] INFO] Saved article to queue\09627c59-6775-40d7-89b7-5e22b3cc8909.json]
[2025-07-02 10:57:46,973] INFO] Saved article to queue\d9bd5311-490c-46c7-9314-638ee4dbe256.json]
[2025-07-02 10:57:46,974] INFO] Saved article to queue\2b6b8faf-faeb-4009-801b-dcbb7d915d6e.json]
[2025-07-02 10:57:46,975] INFO] Saved article to queue\6494e5f1-5d09-44bd-b075-6aa7a6973874.json]
[2025-07-02 10:57:46,977] INFO] Saved article to queue\f5392bcb-fa89-4995-9271-543447971ac2.json]
[2025-07-02 10:57:46,978] INFO] Saved article to queue\ab30cd8c-c225-4dd6-9d8d-f4d7183460ab.json]
[2025-07-02 10:57:46,979] INFO] Saved article to queue\d31db281-6433-4616-808e-a38f6f15016b.json]
[2025-07-02 10:57:46,980] INFO] Saved article to queue\d37ef948-a47b-4229-b0c0-e3523a359c85.json]
[2025-07-02 10:57:46,981] INFO] Saved article to queue\7f74b5e7-cbcb-4a8e-b762-7cf51df6dede.json]
[2025-07-02 10:57:46,982] INFO] Saved article to queue\0ffcc74c-f9ff-47a0-8ce3-06d49324c1c3.json]
[2025-07-02 10:57:46,983] INFO] Saved article to queue\60501120-9451-44a6-9975-16ccc1046d5e.json]
[2025-07-02 10:57:46,984] INFO] Saved article to queue\abd55197-50be-4ecc-8481-30c92e945c71.json]
[2025-07-02 10:57:46,985] INFO] Saved article to queue\05b0e254-e820-47c4-bd15-486f0dd69113.json]
[2025-07-02 10:57:46,986] INFO] Saved article to queue\6528dee4-110c-479c-87ee-cf4f3eb4a2ec.json]
[2025-07-02 10:57:46,987] INFO] Saved article to queue\a941dfc2-edf6-4ab1-b609-7006433e0b2d.json]
[2025-07-02 10:57:46,988] INFO] Saved article to queue\276c3ff5-9613-4e0c-838c-3ffe15740ae9.json]
[2025-07-02 10:57:46,989] INFO] Saved article to queue\64f85c4f-4c0b-4acc-9555-4beab2faaa8d.json]
[2025-07-02 10:57:46,990] INFO] Saved article to queue\12697909-735d-4693-9771-69d8c4286ef5.json]
[2025-07-02 10:57:46,991] INFO] Saved article to queue\de498958-f9a5-4eb8-954a-84f33887f589.json]
[2025-07-02 10:57:46,992] INFO] Saved article to queue\905c1809-9d7b-4665-9ece-ecb5f08c9271.json]
[2025-07-02 10:57:46,993] INFO] Saved article to queue\d2b37127-4715-43eb-b389-a2334b7eea86.json]
[2025-07-02 10:57:46,994] INFO] Saved article to queue\4bc21314-c46c-42e5-a6a1-cf94afd2a859.json]
[2025-07-02 10:57:46,995] INFO] Saved article to queue\7da7ca6c-e2d4-4e22-80f6-5a644ed362a2.json]
[2025-07-02 10:57:46,996] INFO] Saved article to queue\6b17fd63-a02c-4e7c-91c2-77e7099b9e14.json]
[2025-07-02 10:57:46,997] INFO] Saved article to queue\c35a54d2-1e7c-45ba-a1cc-746acafc3fcd.json]
[2025-07-02 10:57:46,998] INFO] Saved article to queue\5904a409-c01c-4d33-a995-6c7f8fc8741b.json]
[2025-07-02 10:57:46,999] INFO] Saved article to queue\0704d4a3-d775-4ace-8d3e-070835ad37a3.json]
[2025-07-02 10:57:47,000] INFO] Saved article to queue\d15bfe37-ac9e-4136-8f90-681e372c2cd3.json]
[2025-07-02 10:57:47,001] INFO] Saved article to queue\e4eded4b-5abb-48c3-a3a7-d7f9766bc88b.json]
[2025-07-02 10:57:47,003] INFO] Saved article to queue\cc2348fb-1ae0-4581-9000-efa4142974f8.json]
[2025-07-02 10:57:47,004] INFO] Saved article to queue\cb735934-82d7-4ba5-944e-450550d11ac7.json]
[2025-07-02 10:57:47,005] INFO] Saved article to queue\2e9c70bc-5594-4b6c-b670-cdeadfb5ef77.json]
[2025-07-02 10:57:47,007] INFO] Saved article to queue\686c8c51-86f5-44bb-a9cf-2316d79f7731.json]
[2025-07-02 10:57:47,009] INFO] Saved article to queue\728ea6ee-5917-4eb7-9aac-2787bbd278f1.json]
[2025-07-02 10:57:47,010] INFO] Saved article to queue\cbfd8ee2-6626-4234-851f-eecbf3c4aab2.json]
[2025-07-02 10:57:47,012] INFO] Saved article to queue\e2b43cca-12e4-4a9f-a348-1dd12f855886.json]
[2025-07-02 10:57:47,013] INFO] Saved article to queue\b2d8cfae-3c53-498a-afe6-19ee72aa87fa.json]
[2025-07-02 10:57:47,015] INFO] Saved article to queue\bca24dd2-88e9-410e-b22e-ce638915f8a5.json]
[2025-07-02 10:57:47,020] INFO] Saved article to queue\5a2fad4b-1286-4947-b5d4-eacf556a7285.json]
[2025-07-02 10:57:47,021] INFO] Saved article to queue\75f931b1-d3f7-478e-a1d2-8d08a04f6778.json]
[2025-07-02 10:57:47,022] INFO] Saved article to queue\ecb0162b-db1e-4094-91d0-7d5a4641eefc.json]
[2025-07-02 10:57:47,023] INFO] Saved article to queue\69e90ee5-c144-43ce-87e3-77b27a538d25.json]
[2025-07-02 10:57:47,024] INFO] Saved article to queue\c112eba0-b9b5-4b29-9161-d29eeea0d5ba.json]
[2025-07-02 10:57:47,024] INFO] Saved article to queue\72a0058d-6da5-42b8-93d9-6b102333b2f1.json]
[2025-07-02 10:57:47,025] INFO] Saved article to queue\d072816b-10c8-4703-9a2f-5967f97a86bf.json]
[2025-07-02 10:57:47,026] INFO] Saved article to queue\e967ac79-b69e-4e7d-8926-644285ddd0bc.json]
[2025-07-02 10:57:47,027] INFO] Saved article to queue\06ea5317-361b-4fdc-bfb5-002933c7b418.json]
[2025-07-02 10:57:47,028] INFO] Saved article to queue\03806acd-567f-45f3-bbff-bd118f3f7a30.json]
[2025-07-02 10:57:47,029] INFO] Saved article to queue\9271a42c-9b55-4693-88df-3d4d83c81823.json]
[2025-07-02 10:57:47,030] INFO] Saved article to queue\77f87871-3347-49e9-a225-610ee77a9bdd.json]
[2025-07-02 10:57:47,031] INFO] Saved article to queue\47b7a5d7-30d8-4c15-ac5d-2cfeb87cec68.json]
[2025-07-02 10:57:47,031] INFO] Saved article to queue\b681cdb7-807d-4109-bb81-0b23094abd3b.json]
[2025-07-02 10:57:47,032] INFO] Saved article to queue\15bb7035-c52f-4306-9043-6e7996b430c9.json]
[2025-07-02 10:57:47,034] INFO] Saved article to queue\90004b98-e9ea-4759-be9c-fa457e09131d.json]
[2025-07-02 10:57:47,036] INFO] Saved article to queue\74955649-f04b-4404-a6ff-b6ecf1e279c9.json]
[2025-07-02 10:57:47,041] INFO] Saved article to queue\69cad3c2-f01d-4f5c-9af7-2d6663499c59.json]
[2025-07-02 10:57:47,043] INFO] Saved article to queue\5c8407e4-f705-494b-9a6a-9a0d54728475.json]
[2025-07-02 10:57:47,049] INFO] Saved article to queue\b7e91041-4b0f-45c2-8c9e-1841bfe554c4.json]
[2025-07-02 10:57:47,052] INFO] Saved article to queue\8917aad8-6652-49e3-9405-c4d61c248cb5.json]
[2025-07-02 10:57:47,056] INFO] Saved article to queue\7734ca1a-a51f-4503-9548-186e7c40784e.json]
[2025-07-02 10:57:47,061] INFO] Saved article to queue\ca65578b-cf24-4016-b131-49e1e78b6617.json]
[2025-07-02 10:57:47,063] INFO] Saved article to queue\ddeef851-7ff9-4227-a6d6-4ecd43ac6689.json]
[2025-07-02 10:57:47,066] INFO] Saved article to queue\a94b1e39-d9dc-417e-b964-d0d15a87f4a8.json]
[2025-07-02 10:57:47,068] INFO] Saved article to queue\56062b69-4b5a-4f2f-8126-96ee9e8fe6de.json]
[2025-07-02 10:57:47,071] INFO] Saved article to queue\420f7ad5-ec2d-4ea5-ab9b-dfdff8d16d79.json]
[2025-07-02 10:57:47,074] INFO] Saved article to queue\f78bd9b4-2d64-490b-9e2c-b0660e4ca3d6.json]
[2025-07-02 10:57:47,076] INFO] Saved article to queue\e43d8ceb-2be9-41cd-8316-70adcb7e6eb2.json]
[2025-07-02 10:57:47,077] INFO] Saved article to queue\1276cc6b-c701-4514-9beb-f83a5af5f15d.json]
[2025-07-02 10:57:47,078] INFO] Saved article to queue\c52383a2-a2e7-433a-b1eb-7e9e86c4e355.json]
[2025-07-02 10:57:47,080] INFO] Saved article to queue\bc506000-8792-4927-9944-967b5b74c2dc.json]
[2025-07-02 10:57:47,081] INFO] Saved article to queue\35a3e87a-f503-4239-ba2e-e134f15a72e0.json]
[2025-07-02 10:57:47,083] INFO] Saved article to queue\089f9f69-0b93-427d-9167-1f990cb0bff3.json]
[2025-07-02 10:57:47,086] INFO] Saved article to queue\0d56442f-683b-43f8-bae5-053ccf7d39ea.json]
[2025-07-02 10:57:47,090] INFO] Saved article to queue\61e19ea1-3fd5-4d10-b444-859247d3f8d0.json]
[2025-07-02 10:57:47,093] INFO] Saved article to queue\df6dede1-0503-4740-a8da-7c1789754e4e.json]
[2025-07-02 10:57:47,094] INFO] Saved article to queue\9f3b7ef8-07ec-48a6-a1ba-0350ea7410db.json]
[2025-07-02 10:57:47,096] INFO] Saved article to queue\22561b41-5844-49ab-af96-81747437c07b.json]
[2025-07-02 10:57:47,097] INFO] Saved article to queue\ba6e4511-42f5-444e-a896-be62a2dc8c96.json]
[2025-07-02 10:57:47,098] INFO] Saved article to queue\0882086a-acd5-435a-b3d1-11eba8c77ad5.json]
[2025-07-02 10:57:47,100] INFO] Saved article to queue\84b99323-709d-4883-abb1-4e0b97a931cb.json]
[2025-07-02 10:57:47,103] INFO] Saved article to queue\da5b7121-50c2-4b98-9a65-aab08e0942db.json]
[2025-07-02 10:57:47,106] INFO] Saved article to queue\29a88f63-21ce-4283-a428-b32a3fc0a8a8.json]
[2025-07-02 10:57:47,108] INFO] Saved article to queue\e4422002-ef3d-46cc-a94a-65d4fad31079.json]
[2025-07-02 10:57:47,109] INFO] Saved article to queue\f1c72825-97ad-4a90-8252-b17b9e28e5ff.json]
[2025-07-02 10:57:47,110] INFO] Saved article to queue\9a1c3677-d0fc-4d79-8e0b-b43b60e805c6.json]
[2025-07-02 10:57:47,112] INFO] Saved article to queue\bf80350a-1578-4b14-92f1-b7f8dbc5ab01.json]
[2025-07-02 10:57:47,113] INFO] Saved article to queue\14465b79-867d-4ef1-a708-4f0749559127.json]
[2025-07-02 10:57:47,115] INFO] Saved article to queue\d9ca4fa9-3408-42a1-9043-59afa23763a0.json]
[2025-07-02 10:57:47,117] INFO] Saved article to queue\4942ec6d-4ec1-4b23-ac2f-717e18220a3f.json]
[2025-07-02 11:03:32,938] INFO] Starting fetch for api....]
[2025-07-02 11:03:33,901] INFO] Fetching the Page 1 -> 200 -> https://newsapi.org/v2/everything?q=bitcoin&page_size=20&page=1&apiKey=c817dfe2893147c1ae5d0dae5e5458da ]
[2025-07-02 11:03:33,904] INFO] Page 1 : Retrived 100 articles.]
[2025-07-02 11:03:34,399] INFO] Fetching the Page 2 -> 200 -> https://newsapi.org/v2/everything?q=bitcoin&page_size=20&page=2&apiKey=c817dfe2893147c1ae5d0dae5e5458da ]
[2025-07-02 11:03:34,403] INFO] Page 2 : Retrived 100 articles.]
[2025-07-02 11:03:34,851] INFO] Fetching the Page 3 -> 200 -> https://newsapi.org/v2/everything?q=bitcoin&page_size=20&page=3&apiKey=c817dfe2893147c1ae5d0dae5e5458da ]
[2025-07-02 11:03:34,856] INFO] Page 3 : Retrived 99 articles.]
[2025-07-02 11:03:35,358] INFO] Fetching the Page 4 -> 200 -> https://newsapi.org/v2/everything?q=bitcoin&page_size=20&page=4&apiKey=c817dfe2893147c1ae5d0dae5e5458da ]
[2025-07-02 11:03:35,361] INFO] Page 4 : Retrived 100 articles.]
[2025-07-02 11:03:36,308] INFO] Fetching the Page 5 -> 200 -> https://newsapi.org/v2/everything?q=bitcoin&page_size=20&page=5&apiKey=c817dfe2893147c1ae5d0dae5e5458da ]
[2025-07-02 11:03:36,311] INFO] Page 5 : Retrived 97 articles.]
[2025-07-02 11:03:36,312] INFO] Total Fetched Articles are 496]
[2025-07-02 11:03:36,315] INFO] Saved article to queue\4e40af44-f9f6-4425-92cf-860579623757.json]
[2025-07-02 11:03:36,317] INFO] Saved article to queue\079f9583-f15b-411f-a477-5c1fd13fc707.json]
[2025-07-02 11:03:36,321] INFO] Saved article to queue\a50d9295-8272-4161-9a3e-30f9d0a158f2.json]
[2025-07-02 11:03:36,323] INFO] Saved article to queue\2d68e415-9b56-4900-aa11-b51adf3ca5a4.json]
[2025-07-02 11:03:36,326] INFO] Saved article to queue\57a874f2-c955-448e-91d7-e832f34458f5.json]
[2025-07-02 11:03:36,327] INFO] Saved article to queue\59417147-a1d1-4658-9f29-fcf535523284.json]
[2025-07-02 11:03:36,329] INFO] Saved article to queue\8736ad70-0e27-47b7-ae4b-40ee1bbec7bc.json]
[2025-07-02 11:03:36,331] INFO] Saved article to queue\646ce5ba-8abb-476c-8385-51a9611b2376.json]
[2025-07-02 11:03:36,332] INFO] Saved article to queue\b9c0ea6f-ac65-4e86-a53f-2539b04e0aca.json]
[2025-07-02 11:03:36,333] INFO] Saved article to queue\9b927a00-0c40-41ba-90f7-0345365f32f5.json]
[2025-07-02 11:03:36,334] INFO] Saved article to queue\84f8f72b-61a1-4b82-bf6c-2bc22240b8ba.json]
[2025-07-02 11:03:36,335] INFO] Saved article to queue\d96d98a0-1300-4e72-b32f-d61e00dad6b9.json]
[2025-07-02 11:03:36,337] INFO] Saved article to queue\7209266f-6e97-41dd-b1df-561f92e48c56.json]
[2025-07-02 11:03:36,339] INFO] Saved article to queue\644c2626-659a-4806-818f-94c0b72c6b14.json]
[2025-07-02 11:03:36,340] INFO] Saved article to queue\07f4a77c-f742-4cb7-b8ec-93607927268a.json]
[2025-07-02 11:03:36,341] INFO] Saved article to queue\b8658371-b1ca-4129-8006-a95e086b87e2.json]
[2025-07-02 11:03:36,342] INFO] Saved article to queue\b620b86a-f8d1-4661-b14c-d5091bfa20d9.json]
[2025-07-02 11:03:36,343] INFO] Saved article to queue\42495f08-2006-4565-9897-37bd97e963a9.json]
[2025-07-02 11:03:36,344] INFO] Saved article to queue\9d06365e-f58a-4de5-bb64-3c5ca191394d.json]
[2025-07-02 11:03:36,345] INFO] Saved article to queue\3c7ed59e-b49a-45db-8512-623a0b835719.json]
[2025-07-02 11:03:36,346] INFO] Saved article to queue\c7884adc-8853-4298-b1aa-161610668e26.json]
[2025-07-02 11:03:36,347] INFO] Saved article to queue\1ce4ad02-9a04-4a0f-9e40-c145c8484088.json]
[2025-07-02 11:03:36,348] INFO] Saved article to queue\1e13727f-d389-4cee-910f-c6d1ee6407d7.json]
[2025-07-02 11:03:36,349] INFO] Saved article to queue\7c3c0d0b-ad1e-48fb-bcff-a5ded03db436.json]
[2025-07-02 11:03:36,349] INFO] Saved article to queue\99559d14-213a-40c6-bfa0-a14e7d4cbd80.json]
[2025-07-02 11:03:36,350] INFO] Saved article to queue\c29f5fb4-9bb0-4af4-91a5-820bb8f4026f.json]
[2025-07-02 11:03:36,351] INFO] Saved article to queue\0f4d8b9d-f5ee-4176-b2b5-5d05cb55a982.json]
[2025-07-02 11:03:36,352] INFO] Saved article to queue\a00460a6-fadf-4ae9-86dc-d2084ecffe68.json]
[2025-07-02 11:03:36,353] INFO] Saved article to queue\7f9f2076-57a2-422f-ada6-3ebd4a2da75c.json]
[2025-07-02 11:03:36,354] INFO] Saved article to queue\d9d0cc78-71dd-4e08-af43-bf79019b8c55.json]
[2025-07-02 11:03:36,355] INFO] Saved article to queue\eba72e0c-5d9a-4fd1-ad19-f425b79d5e47.json]
[2025-07-02 11:03:36,356] INFO] Saved article to queue\e143ffe9-15a7-44d0-96c1-4207f40489b4.json]
[2025-07-02 11:03:36,357] INFO] Saved article to queue\dfd91a41-0ef9-4053-b5df-b8b63a1bf9a8.json]
[2025-07-02 11:03:36,357] INFO] Saved article to queue\e2158f83-c278-4a1c-ad66-550665c0da0a.json]
[2025-07-02 11:03:36,358] INFO] Saved article to queue\3e7699c6-faae-40f2-b17f-dd895eb4995a.json]
[2025-07-02 11:03:36,359] INFO] Saved article to queue\2d3fc59e-8b07-4ffa-b82d-bc1d827a2112.json]
[2025-07-02 11:03:36,360] INFO] Saved article to queue\ad43d5a3-602a-4553-bf79-5453543af2dd.json]
[2025-07-02 11:03:36,361] INFO] Saved article to queue\06204c1e-ef38-42b5-8045-284edcc32063.json]
[2025-07-02 11:03:36,362] INFO] Saved article to queue\c4172594-be95-44c1-b0e5-f0d188b1f6f8.json]
[2025-07-02 11:03:36,363] INFO] Saved article to queue\e835c4e5-0559-48a2-ae98-b3abd2e5969b.json]
[2025-07-02 11:03:36,363] INFO] Saved article to queue\2070c76e-88f9-42a9-b4de-708f053113b4.json]
[2025-07-02 11:03:36,364] INFO] Saved article to queue\d05a1bdf-6280-4309-b7c2-986d601f3535.json]
[2025-07-02 11:03:36,365] INFO] Saved article to queue\ed84900c-a28b-4897-a6ea-aef534d040e8.json]
[2025-07-02 11:03:36,366] INFO] Saved article to queue\1972f636-6f4b-4356-9784-81d11e187d92.json]
[2025-07-02 11:03:36,368] INFO] Saved article to queue\d7ea9e3a-d695-450b-b6e3-6d20370ce46c.json]
[2025-07-02 11:03:36,368] INFO] Saved article to queue\c7844afd-c0cf-446d-814e-c0ec99258485.json]
[2025-07-02 11:03:36,369] INFO] Saved article to queue\9bf3ab90-b693-4fc6-b803-82458f71c96d.json]
[2025-07-02 11:03:36,370] INFO] Saved article to queue\4595c7b5-f43a-4e30-844f-161791656f5f.json]
[2025-07-02 11:03:36,371] INFO] Saved article to queue\7d800b57-41fc-46f7-a31c-adf13bfc7d1d.json]
[2025-07-02 11:03:36,372] INFO] Saved article to queue\784148e5-b7d5-450e-9b5d-4ef34a60b278.json]
[2025-07-02 11:03:36,373] INFO] Saved article to queue\c1c5c540-0f74-47fe-bdbd-051d3d641192.json]
[2025-07-02 11:03:36,374] INFO] Saved article to queue\05ba2893-6619-4bf4-bb59-dcafb465ec01.json]
[2025-07-02 11:03:36,376] INFO] Saved article to queue\1c39cd61-39c4-482e-8459-88c2f45f3353.json]
[2025-07-02 11:03:36,377] INFO] Saved article to queue\da672d90-e57d-4a19-85e5-95ad430a3d11.json]
[2025-07-02 11:03:36,378] INFO] Saved article to queue\3af48bca-b074-4873-b5d4-b93c8afdb728.json]
[2025-07-02 11:03:36,379] INFO] Saved article to queue\2820ffc5-8301-4fc9-88dc-2cf877f71ab2.json]
[2025-07-02 11:03:36,379] INFO] Saved article to queue\d708d974-0aa8-4e38-823b-629a540b470c.json]
[2025-07-02 11:03:36,380] INFO] Saved article to queue\980e6e89-046e-4370-9d7d-84d784a678c0.json]
[2025-07-02 11:03:36,381] INFO] Saved article to queue\bdfccc12-a59f-4864-8989-5b8e88696541.json]
[2025-07-02 11:03:36,382] INFO] Saved article to queue\5ed7969c-dbd9-4969-917a-d1800a30a3b7.json]
[2025-07-02 11:03:36,383] INFO] Saved article to queue\7e2bc170-f6f1-43cc-8efa-ab84ff89b6f8.json]
[2025-07-02 11:03:36,383] INFO] Saved article to queue\678bd647-9bd2-4398-bc01-a3ebbf5bdded.json]
[2025-07-02 11:03:36,384] INFO] Saved article to queue\295d0016-fbef-4ed1-8abe-24c964e01130.json]
[2025-07-02 11:03:36,385] INFO] Saved article to queue\bb30c19d-3659-463e-bf44-82dca5fb35df.json]
[2025-07-02 11:03:36,386] INFO] Saved article to queue\945a30e7-029c-4582-93b5-36e1180f89b8.json]
[2025-07-02 11:03:36,387] INFO] Saved article to queue\fa933097-7fce-40fb-901c-320ab960fc55.json]
[2025-07-02 11:03:36,388] INFO] Saved article to queue\77e0c63d-6fa0-43d0-aa65-9cebffb9a7d0.json]
[2025-07-02 11:03:36,390] INFO] Saved article to queue\30e3316c-91d7-46c6-a8d5-cd3c62e132e7.json]
[2025-07-02 11:03:36,391] INFO] Saved article to queue\860119fc-7e8b-4473-8b66-30718c31d843.json]
[2025-07-02 11:03:36,392] INFO] Saved article to queue\9e18a974-f05e-47f0-9a3b-b9abd1e79bce.json]
[2025-07-02 11:03:36,393] INFO] Saved article to queue\6ee15bb6-1b82-412e-8ad7-2edcef9e2c96.json]
[2025-07-02 11:03:36,395] INFO] Saved article to queue\e7b0de58-7fe3-47e3-9828-a127a7ad8d3f.json]
[2025-07-02 11:03:36,396] INFO] Saved article to queue\5469fbae-64e8-4c67-9dcc-13bca82105f7.json]
[2025-07-02 11:03:36,397] INFO] Saved article to queue\d4f44514-8f94-426e-b168-66e6bb806202.json]
[2025-07-02 11:03:36,397] INFO] Saved article to queue\550ef27a-a988-493c-aef6-41862e498937.json]
[2025-07-02 11:03:36,398] INFO] Saved article to queue\394363d0-5c42-4f60-829d-fe06e19b26b6.json]
[2025-07-02 11:03:36,400] INFO] Saved article to queue\06482343-c31a-413d-94f6-7015d85792e5.json]
[2025-07-02 11:03:36,401] INFO] Saved article to queue\66da9f5f-e2bf-4624-bbb3-2464af08f6b4.json]
[2025-07-02 11:03:36,401] INFO] Saved article to queue\3e6b7b77-aecf-4c13-b20b-1243717b784f.json]
[2025-07-02 11:03:36,402] INFO] Saved article to queue\1f2dda2f-dcf5-4428-b6b2-389ec13cbe55.json]
[2025-07-02 11:03:36,403] INFO] Saved article to queue\6808880a-2520-4d10-9788-eae7ac5ec794.json]
[2025-07-02 11:03:36,404] INFO] Saved article to queue\3ab290bf-d156-40d8-ba1a-5e29c459b7ba.json]
[2025-07-02 11:03:36,406] INFO] Saved article to queue\bb53f0d0-0efe-47c4-a4d0-a8c50b3ff399.json]
[2025-07-02 11:03:36,407] INFO] Saved article to queue\266136eb-364b-4f59-8870-29bda70c1ef8.json]
[2025-07-02 11:03:36,408] INFO] Saved article to queue\501feb84-9ecb-40d5-a051-263eccaf5ff3.json]
[2025-07-02 11:03:36,409] INFO] Saved article to queue\253c4760-7510-4983-89ee-7bd357d33c5f.json]
[2025-07-02 11:03:36,410] INFO] Saved article to queue\27023ad8-5825-46a4-bf76-a3826b27e5c1.json]
[2025-07-02 11:03:36,412] INFO] Saved article to queue\ebbd92e1-92d1-40eb-980a-7fe55de42ca4.json]
[2025-07-02 11:03:36,412] INFO] Saved article to queue\16f491ef-5b40-4b5d-812a-a3453c3aae0f.json]
[2025-07-02 11:03:36,413] INFO] Saved article to queue\0f31d74d-cd4c-41c6-9bea-c84535d16b35.json]
[2025-07-02 11:03:36,414] INFO] Saved article to queue\3f7a2cb6-e2b0-4ba8-aa49-96b4bc847af7.json]
[2025-07-02 11:03:36,415] INFO] Saved article to queue\513799c5-96f4-47bc-a7be-c573cdfc4c92.json]
[2025-07-02 11:03:36,416] INFO] Saved article to queue\bc5284a9-cc28-45bc-a7df-b96e9f36a1d3.json]
[2025-07-02 11:03:36,417] INFO] Saved article to queue\4204057d-f1c1-445d-b47e-815845ba7f47.json]
[2025-07-02 11:03:36,419] INFO] Saved article to queue\35f547e1-c1fe-498e-86f3-8917bf4117ae.json]
[2025-07-02 11:03:36,420] INFO] Saved article to queue\8d991fee-7e96-45f5-bac9-bd1626e3f19f.json]
[2025-07-02 11:03:36,420] INFO] Saved article to queue\b44bcbb1-4d5b-4df3-ac48-bbe495fb4745.json]
[2025-07-02 11:03:36,422] INFO] Saved article to queue\e913b5e8-2f75-4e7d-a032-706b6f70e380.json]
[2025-07-02 11:03:36,423] INFO] Saved article to queue\42a285dc-b70f-47d7-8568-0e182ac1f107.json]
[2025-07-02 11:03:36,424] INFO] Saved article to queue\52df5624-38a0-4d5e-99ce-08a2fb7b909e.json]
[2025-07-02 11:03:36,424] INFO] Saved article to queue\251a4089-ccaa-4423-b22c-9c12d96e9aa2.json]
[2025-07-02 11:03:36,425] INFO] Saved article to queue\7de62373-8f8a-4a83-b228-435a1cf03fb0.json]
[2025-07-02 11:03:36,426] INFO] Saved article to queue\6210d040-5835-4515-8546-a846bb02f709.json]
[2025-07-02 11:03:36,427] INFO] Saved article to queue\120bb5c1-6c8c-45f0-aac1-dc5d7530787a.json]
[2025-07-02 11:03:36,428] INFO] Saved article to queue\ae093a1b-eccf-4c89-af33-cf7b5de098cf.json]
[2025-07-02 11:03:36,429] INFO] Saved article to queue\8a10bfb1-92d1-4c3f-ad29-9c7103490d92.json]
[2025-07-02 11:03:36,430] INFO] Saved article to queue\71b5f133-7674-406a-a34c-36faea48ce38.json]
[2025-07-02 11:03:36,431] INFO] Saved article to queue\59840711-c826-4286-b1d3-dfae56fa2914.json]
[2025-07-02 11:03:36,432] INFO] Saved article to queue\c9a3ba0b-8191-4f94-ab32-289278a7e6c5.json]
[2025-07-02 11:03:36,433] INFO] Saved article to queue\52e10efa-fd7f-42e7-92d1-b039781b2f28.json]
[2025-07-02 11:03:36,433] INFO] Saved article to queue\be85de09-3244-4c37-805c-412fbac64843.json]
[2025-07-02 11:03:36,434] INFO] Saved article to queue\5d10d9ab-8e5b-4d5d-84b6-9f9756e89507.json]
[2025-07-02 11:03:36,435] INFO] Saved article to queue\de01f57c-ce38-4a7d-9366-6b956ada9055.json]
[2025-07-02 11:03:36,436] INFO] Saved article to queue\516fcc56-14d2-4f97-adf2-7f5f41cdfce5.json]
[2025-07-02 11:03:36,437] INFO] Saved article to queue\22a83422-a470-47ec-8320-f1ccb441eb22.json]
[2025-07-02 11:03:36,438] INFO] Saved article to queue\821afec4-e4e8-45c2-8e0f-cc0c30c2c335.json]
[2025-07-02 11:03:36,439] INFO] Saved article to queue\6e51a0f4-a9e9-4f2d-9b22-aa2e5b0d2fef.json]
[2025-07-02 11:03:36,440] INFO] Saved article to queue\09bf1672-63f4-4cd6-97cc-a525da117fbd.json]
[2025-07-02 11:03:36,442] INFO] Saved article to queue\94d6843f-815a-4b96-a50f-4f1423c53b8f.json]
[2025-07-02 11:03:36,443] INFO] Saved article to queue\32c0dd3b-f8d5-432b-a018-f45693f7edd9.json]
[2025-07-02 11:03:36,444] INFO] Saved article to queue\a0db8f91-ab1d-4bfe-a105-e5541436a15f.json]
[2025-07-02 11:03:36,444] INFO] Saved article to queue\6fae62f2-1bfe-4a44-ae15-4c7c21dd15cc.json]
[2025-07-02 11:03:36,445] INFO] Saved article to queue\f5dc13f6-4183-4db9-9ccf-c865c0442f40.json]
[2025-07-02 11:03:36,446] INFO] Saved article to queue\86077a9f-a788-4ae7-8528-55582e68823e.json]
[2025-07-02 11:03:36,447] INFO] Saved article to queue\37e74243-bf5c-4996-bee3-7269dda85740.json]
[2025-07-02 11:03:36,447] INFO] Saved article to queue\bb2900f8-6dd7-488b-8f7d-60760b2ad6e7.json]
[2025-07-02 11:03:36,449] INFO] Saved article to queue\e93c4d3f-6d91-4aab-98d2-652624ab4aa5.json]
[2025-07-02 11:03:36,449] INFO] Saved article to queue\b79d1465-04ba-4b59-ad3f-bf72522d7b6e.json]
[2025-07-02 11:03:36,450] INFO] Saved article to queue\64664841-c948-44f6-bed3-75e17c809092.json]
[2025-07-02 11:03:36,451] INFO] Saved article to queue\e7e16d58-9ef0-4324-b023-3b5df6d67227.json]
[2025-07-02 11:03:36,452] INFO] Saved article to queue\0856a45d-2be9-448c-8f09-7d488cf2d47a.json]
[2025-07-02 11:03:36,453] INFO] Saved article to queue\d98c8c7d-69fb-4c3c-a78a-47d132a7cde1.json]
[2025-07-02 11:03:36,454] INFO] Saved article to queue\b3c4ae16-deb6-4b63-ab98-8ec2a8277e6d.json]
[2025-07-02 11:03:36,455] INFO] Saved article to queue\d9db3109-e03a-4768-a42a-a39cfc437688.json]
[2025-07-02 11:03:36,456] INFO] Saved article to queue\e4421e19-546b-4034-8cca-247398056ab3.json]
[2025-07-02 11:03:36,457] INFO] Saved article to queue\4661f976-8c8c-4cc0-b167-f0a1398ee3c3.json]
[2025-07-02 11:03:36,458] INFO] Saved article to queue\0719a1e4-4068-406f-a5d9-29d616db7d85.json]
[2025-07-02 11:03:36,459] INFO] Saved article to queue\70050f7b-b06a-4402-b80c-84309b24f177.json]
[2025-07-02 11:03:36,460] INFO] Saved article to queue\0252abbd-a8c7-4468-bf9c-4caffcdde732.json]
[2025-07-02 11:03:36,461] INFO] Saved article to queue\ede6e1f1-e58a-4743-91d3-3f8a43692915.json]
[2025-07-02 11:03:36,462] INFO] Saved article to queue\a9f3fee8-9a41-40d8-9bae-01c67e5c7527.json]
[2025-07-02 11:03:36,463] INFO] Saved article to queue\a6b2e1a9-444c-4fac-9177-24f801308fcd.json]
[2025-07-02 11:03:36,464] INFO] Saved article to queue\99c3cdba-1853-4e06-bdcf-42787d519a3f.json]
[2025-07-02 11:03:36,465] INFO] Saved article to queue\49c39cce-6158-4249-8814-7e44a9a31e60.json]
[2025-07-02 11:03:36,466] INFO] Saved article to queue\2740f54c-864c-439d-b90b-a4e9035c0693.json]
[2025-07-02 11:03:36,467] INFO] Saved article to queue\2c891bd5-ff4a-42a3-8da4-224f504d91e8.json]
[2025-07-02 11:03:36,468] INFO] Saved article to queue\89b744a1-ba4b-4092-b61a-8441bf2b8add.json]
[2025-07-02 11:03:36,469] INFO] Saved article to queue\1b1b301a-7673-4fa1-a529-b797abef8098.json]
[2025-07-02 11:03:36,471] INFO] Saved article to queue\8cba27e2-8622-428b-9444-7902f3aba412.json]
[2025-07-02 11:03:36,472] INFO] Saved article to queue\43eaebcc-881e-47c6-872c-89358dea0af2.json]
[2025-07-02 11:03:36,473] INFO] Saved article to queue\7f71aa02-4728-4dee-9df7-02f273fc5ffb.json]
[2025-07-02 11:03:36,474] INFO] Saved article to queue\8569709c-758b-4040-955e-ab534e16a4b2.json]
[2025-07-02 11:03:36,475] INFO] Saved article to queue\b879ab2a-538e-4470-aa90-f0702cd0f021.json]
[2025-07-02 11:03:36,476] INFO] Saved article to queue\087515dc-0400-49f4-bbf2-e5f7877f17e4.json]
[2025-07-02 11:03:36,477] INFO] Saved article to queue\31fff90b-af79-4cf5-b313-f5735ed221ed.json]
[2025-07-02 11:03:36,478] INFO] Saved article to queue\77fe9781-f68a-4061-b911-4ec1616a4f3b.json]
[2025-07-02 11:03:36,479] INFO] Saved article to queue\35402219-508d-4733-8f58-79ec4e9e01f2.json]
[2025-07-02 11:03:36,480] INFO] Saved article to queue\24cb1f05-5a8b-41a9-9ef4-7ce4a860e149.json]
[2025-07-02 11:03:36,481] INFO] Saved article to queue\4239e799-8517-4a35-849f-e42cbc4efbbe.json]
[2025-07-02 11:03:36,482] INFO] Saved article to queue\4b7b1ef3-d6e5-4c00-81c4-db291a29a83b.json]
[2025-07-02 11:03:36,482] INFO] Saved article to queue\c8d94086-883a-4f26-af84-26a81285eb20.json]
[2025-07-02 11:03:36,483] INFO] Saved article to queue\ef1c3b09-da6a-4cb8-a333-2602cd4ce771.json]
[2025-07-02 11:03:36,484] INFO] Saved article to queue\e670bdc3-e8bd-4a3b-a06a-ba9f782770b6.json]
[2025-07-02 11:03:36,485] INFO] Saved article to queue\da0764c4-c66d-4b48-939b-2bf90c72ea0b.json]
[2025-07-02 11:03:36,486] INFO] Saved article to queue\52669497-fc6a-4f66-abe2-3fc9f478203d.json]
[2025-07-02 11:03:36,487] INFO] Saved article to queue\c8b3de59-0e19-4538-a49c-98ff1162ee78.json]
[2025-07-02 11:03:36,489] INFO] Saved article to queue\796123ab-d9c6-4d75-b462-5ce5c0d976ab.json]
[2025-07-02 11:03:36,490] INFO] Saved article to queue\42700f55-8eb7-4550-89b6-e58b4cf7db07.json]
[2025-07-02 11:03:36,490] INFO] Saved article to queue\f5e69bd4-c0a2-4e3f-b85c-e70bfa1312b4.json]
[2025-07-02 11:03:36,491] INFO] Saved article to queue\23dbe580-0001-4135-bf11-54146bc02b0d.json]
[2025-07-02 11:03:36,492] INFO] Saved article to queue\6b6b2c8a-645d-498a-a073-d8a72a5cb0bf.json]
[2025-07-02 11:03:36,493] INFO] Saved article to queue\09fb0ea5-ee8d-4928-b088-0c98ae6661fd.json]
[2025-07-02 11:03:36,494] INFO] Saved article to queue\08ea96e8-f8b1-4dad-9132-193e6bca4454.json]
[2025-07-02 11:03:36,495] INFO] Saved article to queue\1dcded57-42af-4049-91fe-af04ef0facf8.json]
[2025-07-02 11:03:36,496] INFO] Saved article to queue\68655176-fb0e-478d-8417-fb34af969dd9.json]
[2025-07-02 11:03:36,496] INFO] Saved article to queue\4bf201c0-05f3-42ea-b1d3-42c3d66df84f.json]
[2025-07-02 11:03:36,497] INFO] Saved article to queue\13cb0bba-c762-44e7-aa46-b497a753a6a5.json]
[2025-07-02 11:03:36,498] INFO] Saved article to queue\54f32314-9dcc-4ce1-b383-162e9524fb0d.json]
[2025-07-02 11:03:36,499] INFO] Saved article to queue\5966aba7-4b4c-48fe-a52f-2f66a80939ea.json]
[2025-07-02 11:03:36,508] INFO] Saved article to queue\517bbea8-81b6-44e0-b301-6b0fedcc09c2.json]
[2025-07-02 11:03:36,523] INFO] Saved article to queue\2dcaca9a-47f7-46bf-9c9c-d634337a8fff.json]
[2025-07-02 11:03:36,525] INFO] Saved article to queue\c8b7066b-2871-4984-bc94-b8163465d670.json]
[2025-07-02 11:03:36,526] INFO] Saved article to queue\9590920e-d0be-46f5-8bea-f6e1e0d6253c.json]
[2025-07-02 11:03:36,527] INFO] Saved article to queue\24026e14-fb88-4d9d-b369-073747f69dd1.json]
[2025-07-02 11:03:36,528] INFO] Saved article to queue\99726046-3e1a-4ed5-8962-f6fd0bd4d993.json]
[2025-07-02 11:03:36,529] INFO] Saved article to queue\6f2e9c48-2cd4-4e09-890a-1d1780d6fd44.json]
[2025-07-02 11:03:36,530] INFO] Saved article to queue\5bb1d7aa-367c-42b0-8f32-1e8f86d161b9.json]
[2025-07-02 11:03:36,531] INFO] Saved article to queue\441ca281-8bb4-4434-a628-554c1c5b1289.json]
[2025-07-02 11:03:36,533] INFO] Saved article to queue\de4d2c06-5fd6-404c-825b-aaebd5f40aeb.json]
[2025-07-02 11:03:36,534] INFO] Saved article to queue\e8b222a1-267f-4cb9-be3a-07611a14727c.json]
[2025-07-02 11:03:36,535] INFO] Saved article to queue\fcf1ca7b-35a3-493b-aae5-2d8df13b31df.json]
[2025-07-02 11:03:36,536] INFO] Saved article to queue\e61b1895-b629-4115-960c-b8a5fc19f899.json]
[2025-07-02 11:03:36,537] INFO] Saved article to queue\1914e9e8-91ee-409f-9ebf-07eb2906b6e9.json]
[2025-07-02 11:03:36,539] INFO] Saved article to queue\370f1783-7704-445d-ba20-d5c584004739.json]
[2025-07-02 11:03:36,540] INFO] Saved article to queue\2b94aa63-7fab-4d7e-ab30-2dbdb7568c3b.json]
[2025-07-02 11:03:36,541] INFO] Saved article to queue\b291f13b-1c86-4473-a27f-f5e73ef00dd8.json]
[2025-07-02 11:03:36,542] INFO] Saved article to queue\ccb13193-ca1d-418d-9cdc-ec901f1282aa.json]
[2025-07-02 11:03:36,543] INFO] Saved article to queue\70b6cc4a-6b1e-4561-ba4d-ffd95ef1d341.json]
[2025-07-02 11:03:36,544] INFO] Saved article to queue\e196955e-a1ff-4a81-a034-7e044a578710.json]
[2025-07-02 11:03:36,545] INFO] Saved article to queue\f99491e8-736c-43fe-9a18-aa727c06f1dd.json]
[2025-07-02 11:03:36,546] INFO] Saved article to queue\1d9a4507-575c-4181-b0e9-cd6a126288a0.json]
[2025-07-02 11:03:36,547] INFO] Saved article to queue\32a67284-bfa5-484b-9142-7c65eebd7e8a.json]
[2025-07-02 11:03:36,548] INFO] Saved article to queue\efc3be82-39c9-40de-a3a3-75c4dad34b37.json]
[2025-07-02 11:03:36,550] INFO] Saved article to queue\2d79c66f-1116-45e9-825a-cbd9fcbee776.json]
[2025-07-02 11:03:36,551] INFO] Saved article to queue\2e436db5-2ab2-4aaf-9169-0b4c0c890ea9.json]
[2025-07-02 11:03:36,552] INFO] Saved article to queue\ee9da037-9450-4533-ab04-bec17e8c702f.json]
[2025-07-02 11:03:36,552] INFO] Saved article to queue\cf0865b8-95b7-4e94-8af9-562d735e0a87.json]
[2025-07-02 11:03:36,554] INFO] Saved article to queue\aa5159d9-2c78-4d33-b5bb-1ae92e8655d8.json]
[2025-07-02 11:03:36,554] INFO] Saved article to queue\fbb60566-94de-4b27-8b6d-37ed4e2693a7.json]
[2025-07-02 11:03:36,555] INFO] Saved article to queue\1339cca6-d545-446e-acb6-5303cd4d55fa.json]
[2025-07-02 11:03:36,556] INFO] Saved article to queue\2ef35b41-8dc2-47e6-bbe9-3a9e1b13aaf1.json]
[2025-07-02 11:03:36,557] INFO] Saved article to queue\ac9c2d8c-db6e-4892-9588-9cc04e11b3d2.json]
[2025-07-02 11:03:36,558] INFO] Saved article to queue\9a311414-3a48-4334-b1d5-34170a8096e8.json]
[2025-07-02 11:03:36,558] INFO] Saved article to queue\fb5a4e1e-79c7-4c99-8338-a141ecbcb329.json]
[2025-07-02 11:03:36,559] INFO] Saved article to queue\76bfa7f0-9e7a-4745-8c76-0e5df301cc89.json]
[2025-07-02 11:03:36,560] INFO] Saved article to queue\d0de8f56-4087-4d93-86e6-d46e380a8acc.json]
[2025-07-02 11:03:36,561] INFO] Saved article to queue\4e16fb9c-d9e8-4d39-95d8-6c595d5f4375.json]
[2025-07-02 11:03:36,562] INFO] Saved article to queue\415a34b1-09f1-42a7-a3e1-9ffd5bd861e1.json]
[2025-07-02 11:03:36,563] INFO] Saved article to queue\ba6be022-3508-4b31-87fe-ac3fc5090152.json]
[2025-07-02 11:03:36,564] INFO] Saved article to queue\ba66d358-5573-4a32-80da-5bbcc789dfc3.json]
[2025-07-02 11:03:36,565] INFO] Saved article to queue\9a1e59b2-37b2-4ed4-8101-a1e7c80d4aad.json]
[2025-07-02 11:03:36,567] INFO] Saved article to queue\7984a193-0efc-4d50-9145-e4df98b6cd1c.json]
[2025-07-02 11:03:36,568] INFO] Saved article to queue\fbdc0f5e-fe20-4980-a916-7c33fb31c773.json]
[2025-07-02 11:03:36,568] INFO] Saved article to queue\0de12eb2-bebb-436f-b02c-ca8a5bf50eb3.json]
[2025-07-02 11:03:36,570] INFO] Saved article to queue\d9437f67-a404-4d3c-99ba-be0ce39634c2.json]
[2025-07-02 11:03:36,571] INFO] Saved article to queue\13010110-e9a5-45a6-963f-58f4d256cf34.json]
[2025-07-02 11:03:36,572] INFO] Saved article to queue\77010717-14f1-4f6b-9fe7-d92c72bafa3f.json]
[2025-07-02 11:03:36,573] INFO] Saved article to queue\8ae13ff0-f55a-47c4-bafe-da632bc3abec.json]
[2025-07-02 11:03:36,574] INFO] Saved article to queue\77ccfd3d-8991-43fb-b4b6-168b3c99005b.json]
[2025-07-02 11:03:36,575] INFO] Saved article to queue\12aaeaa5-c512-4803-905c-65f7a6da7000.json]
[2025-07-02 11:03:36,576] INFO] Saved article to queue\d3283f2e-b54d-43de-851a-9316279104c3.json]
[2025-07-02 11:03:36,577] INFO] Saved article to queue\8ac3059e-e39a-44fe-b6ea-9fcbf1536e7b.json]
[2025-07-02 11:03:36,578] INFO] Saved article to queue\bce6f65e-1701-4a67-806e-9dfb80a677cd.json]
[2025-07-02 11:03:36,579] INFO] Saved article to queue\5406e571-921a-4525-9ddf-d389307a1939.json]
[2025-07-02 11:03:36,580] INFO] Saved article to queue\dcdb21f8-4c1b-4d94-be36-dbac05ad7a05.json]
[2025-07-02 11:03:36,581] INFO] Saved article to queue\2dde4d93-cbf5-474f-a2d5-4eef026ffda4.json]
[2025-07-02 11:03:36,581] INFO] Saved article to queue\4455375e-db3c-45cb-a3b9-6574faa4ed60.json]
[2025-07-02 11:03:36,582] INFO] Saved article to queue\78682cae-cd23-492d-a55b-7f9485429ff9.json]
[2025-07-02 11:03:36,583] INFO] Saved article to queue\312dd974-775c-41ae-8304-c1d25dfacebf.json]
[2025-07-02 11:03:36,584] INFO] Saved article to queue\8815d5e1-db1c-4ea3-8e4f-7cb872460c1f.json]
[2025-07-02 11:03:36,584] INFO] Saved article to queue\6bac5429-34c0-4181-aa22-4f369f1efde0.json]
[2025-07-02 11:03:36,585] INFO] Saved article to queue\16b3b2d6-ae3f-4135-b1a6-e30b74890895.json]
[2025-07-02 11:03:36,586] INFO] Saved article to queue\ca244694-a3f2-4df0-bb96-14533521ae88.json]
[2025-07-02 11:03:36,587] INFO] Saved article to queue\4fbce8b6-5aa7-466e-a91d-77826d21b68d.json]
[2025-07-02 11:03:36,588] INFO] Saved article to queue\9504e5ef-6068-49d5-9074-7fef22da4e3a.json]
[2025-07-02 11:03:36,589] INFO] Saved article to queue\f89ba017-cd32-485d-93d7-80c22c106f5a.json]
[2025-07-02 11:03:36,590] INFO] Saved article to queue\458dd82c-9782-41e6-800f-5ef5221bba27.json]
[2025-07-02 11:03:36,590] INFO] Saved article to queue\e2bacabe-d7b1-4f7c-bd97-20cd4957a7d0.json]
[2025-07-02 11:03:36,591] INFO] Saved article to queue\e4d8e6d6-adec-4ff3-bcbd-63e7204b5993.json]
[2025-07-02 11:03:36,592] INFO] Saved article to queue\68f40b37-321e-49d1-8114-08aedde405b1.json]
[2025-07-02 11:03:36,593] INFO] Saved article to queue\320d3334-769a-4ea0-8ad9-e85172755a5d.json]
[2025-07-02 11:03:36,594] INFO] Saved article to queue\7108a249-3561-41c1-abb4-fb66a070af2a.json]
[2025-07-02 11:03:36,595] INFO] Saved article to queue\fac82ed9-ac3f-4f76-925f-d44ea80d3cde.json]
[2025-07-02 11:03:36,596] INFO] Saved article to queue\24236e7b-bb4b-4b55-8844-e88ef3c69233.json]
[2025-07-02 11:03:36,597] INFO] Saved article to queue\cddc8705-f16f-49e4-98fe-4dec5206766f.json]
[2025-07-02 11:03:36,597] INFO] Saved article to queue\ba113870-54e4-47fd-b848-2e7e92d92fb9.json]
[2025-07-02 11:03:36,598] INFO] Saved article to queue\77e1fadd-d0a9-4cf8-8615-37b82b8999fe.json]
[2025-07-02 11:03:36,600] INFO] Saved article to queue\704c36df-2ce8-43b5-a85b-8047d736f4e5.json]
[2025-07-02 11:03:36,601] INFO] Saved article to queue\039d1a94-1c7e-4858-99a4-eb571ed13a32.json]
[2025-07-02 11:03:36,601] INFO] Saved article to queue\9a364014-6398-4532-a180-bd494e4246fa.json]
[2025-07-02 11:03:36,602] INFO] Saved article to queue\1b5f07f9-b49d-4f83-9b4b-14729a82b25e.json]
[2025-07-02 11:03:36,603] INFO] Saved article to queue\4562524f-6e3b-4859-8f8d-abd77cac9eb6.json]
[2025-07-02 11:03:36,604] INFO] Saved article to queue\b7c73bdf-1621-4f4c-b74a-d9e744998a45.json]
[2025-07-02 11:03:36,606] INFO] Saved article to queue\8a49519c-e413-47c1-ac79-9b09861ff138.json]
[2025-07-02 11:03:36,607] INFO] Saved article to queue\99d8e2dc-f1f8-491a-bab0-514276ad9857.json]
[2025-07-02 11:03:36,607] INFO] Saved article to queue\9407306d-090b-4a32-a6b4-f149be8fefec.json]
[2025-07-02 11:03:36,608] INFO] Saved article to queue\0bb26687-f177-43d6-85f1-1ddd672f0a94.json]
[2025-07-02 11:03:36,609] INFO] Saved article to queue\5b3b9d96-0a72-4a85-a402-87fea6edc190.json]
[2025-07-02 11:03:36,610] INFO] Saved article to queue\eead2dba-4453-456c-b111-267d6b11579d.json]
[2025-07-02 11:03:36,611] INFO] Saved article to queue\741e6e11-4574-41c6-aa40-55fdea785557.json]
[2025-07-02 11:03:36,612] INFO] Saved article to queue\a9a7a65c-2c03-4527-82f1-7de35d6ea551.json]
[2025-07-02 11:03:36,613] INFO] Saved article to queue\f04cf1b6-6663-4164-ae15-07e3894a2558.json]
[2025-07-02 11:03:36,614] INFO] Saved article to queue\1064647f-5b70-4564-a68a-41135ca7eaca.json]
[2025-07-02 11:03:36,615] INFO] Saved article to queue\a8dab5b2-771f-4418-99a7-e2bf47eb9b4f.json]
[2025-07-02 11:03:36,616] INFO] Saved article to queue\5af3b1c7-ed2b-4c91-af0c-9f6c0c6c3ce9.json]
[2025-07-02 11:03:36,617] INFO] Saved article to queue\a2c33e2d-404e-4b89-84d6-55f42646f6a7.json]
[2025-07-02 11:03:36,618] INFO] Saved article to queue\afc5fa5b-d806-49c5-8167-b10d512dcc66.json]
[2025-07-02 11:03:36,619] INFO] Saved article to queue\1459ddfe-c277-44ca-ab63-d23df5ca0032.json]
[2025-07-02 11:03:36,620] INFO] Saved article to queue\47058bb1-a431-4a2a-9c18-34c751e104ab.json]
[2025-07-02 11:03:36,621] INFO] Saved article to queue\a5aaf818-5cca-499d-82d9-85954a54aeba.json]
[2025-07-02 11:03:36,622] INFO] Saved article to queue\0aad671f-6ba2-4180-9b87-01661efb06e8.json]
[2025-07-02 11:03:36,623] INFO] Saved article to queue\b344ebba-ecf1-4379-970c-20f0c5e21296.json]
[2025-07-02 11:03:36,624] INFO] Saved article to queue\bc866c20-144c-44bd-961c-2367fe17c3f9.json]
[2025-07-02 11:03:36,625] INFO] Saved article to queue\fa905466-33d2-439a-9d5d-7cacaeeb6ab5.json]
[2025-07-02 11:03:36,625] INFO] Saved article to queue\32e7dbb3-7220-4b66-a72f-68fd6fb1eb49.json]
[2025-07-02 11:03:36,626] INFO] Saved article to queue\704a24e3-5952-498c-86be-04c3763e7b73.json]
[2025-07-02 11:03:36,627] INFO] Saved article to queue\6be26d86-c9dd-413c-a7d1-d200dc4fa7fd.json]
[2025-07-02 11:03:36,628] INFO] Saved article to queue\e41451fc-c62c-4570-ac9b-4b9456f34c7a.json]
[2025-07-02 11:03:36,629] INFO] Saved article to queue\b2176106-b106-4b37-a9ea-bcc5712bdf01.json]
[2025-07-02 11:03:36,630] INFO] Saved article to queue\fc0fcb2f-a22a-4230-a347-2796a170cb45.json]
[2025-07-02 11:03:36,631] INFO] Saved article to queue\8b2ec991-5915-40d8-8fc2-74fc211735ef.json]
[2025-07-02 11:03:36,632] INFO] Saved article to queue\0e7a918d-2308-4093-a96d-7676dc6560cf.json]
[2025-07-02 11:03:36,632] INFO] Saved article to queue\010742e5-4771-44f1-8dd0-8de9478435f8.json]
[2025-07-02 11:03:36,633] INFO] Saved article to queue\a198018a-4b5e-4cdb-b6c3-5856c9c0da54.json]
[2025-07-02 11:03:36,634] INFO] Saved article to queue\1391ca56-9df1-496e-a388-1ef6839a76f4.json]
[2025-07-02 11:03:36,635] INFO] Saved article to queue\0ec80da1-5a1f-4db9-8921-46d6180c601f.json]
[2025-07-02 11:03:36,636] INFO] Saved article to queue\89b0fe6d-caa4-4791-bc82-95ae183fee69.json]
[2025-07-02 11:03:36,637] INFO] Saved article to queue\5a809da3-2db0-431b-93b2-3f39d28e75bf.json]
[2025-07-02 11:03:36,638] INFO] Saved article to queue\089ffa24-7532-49db-9a66-6cabb977ab62.json]
[2025-07-02 11:03:36,639] INFO] Saved article to queue\98987206-e4e5-4dfd-ad89-dd2eccd56575.json]
[2025-07-02 11:03:36,640] INFO] Saved article to queue\f145a5a8-609f-4c3c-88a0-35caa510d47b.json]
[2025-07-02 11:03:36,640] INFO] Saved article to queue\0fc578ea-58d6-499c-b4fe-d64d67b65e3c.json]
[2025-07-02 11:03:36,641] INFO] Saved article to queue\d6d77c18-f869-4bfe-8179-9addf6033e1a.json]
[2025-07-02 11:03:36,642] INFO] Saved article to queue\16db8c50-ba7a-4bee-850c-42ea7a0d9ae8.json]
[2025-07-02 11:03:36,643] INFO] Saved article to queue\51274337-67c2-4c26-bcbb-e5e767e00e7c.json]
[2025-07-02 11:03:36,644] INFO] Saved article to queue\0176236d-29bd-46c1-a2a8-3cef539f0aa5.json]
[2025-07-02 11:03:36,645] INFO] Saved article to queue\1c60a025-7a63-4108-b904-d8ddf6004da2.json]
[2025-07-02 11:03:36,646] INFO] Saved article to queue\0995152c-6679-445b-b43c-eb8e70963791.json]
[2025-07-02 11:03:36,647] INFO] Saved article to queue\4791421c-8e0d-4512-94ef-383e998d024a.json]
[2025-07-02 11:03:36,647] INFO] Saved article to queue\a5eef489-adc5-4a9a-87e9-3038d1740643.json]
[2025-07-02 11:03:36,648] INFO] Saved article to queue\8cc8b3a5-7d25-48ae-8bf8-a640df6f5409.json]
[2025-07-02 11:03:36,649] INFO] Saved article to queue\2e2da9a1-d999-4121-99d5-eaf4cc45aec8.json]
[2025-07-02 11:03:36,650] INFO] Saved article to queue\a4169816-d129-445f-8e4b-72d1b3957427.json]
[2025-07-02 11:03:36,651] INFO] Saved article to queue\58dee1a1-ef54-4a3f-8cdb-ea8965cf783a.json]
[2025-07-02 11:03:36,652] INFO] Saved article to queue\2f9dc324-7d4a-4dd9-a0d0-171b07301219.json]
[2025-07-02 11:03:36,652] INFO] Saved article to queue\aef378d4-16bf-4992-91af-bb168b86942c.json]
[2025-07-02 11:03:36,654] INFO] Saved article to queue\ef0bce6a-ff0c-4666-b132-6e08eafc4913.json]
[2025-07-02 11:03:36,656] INFO] Saved article to queue\dfabbbb1-2535-4c05-9430-40ec38c7db41.json]
[2025-07-02 11:03:36,658] INFO] Saved article to queue\e672a8a7-864f-40b4-9812-ac01aaf69852.json]
[2025-07-02 11:03:36,659] INFO] Saved article to queue\ac2e47cf-de98-4cfa-827b-1bd9bf26390f.json]
[2025-07-02 11:03:36,661] INFO] Saved article to queue\ad4fc5d9-9057-43c6-8dcc-e6d54beb2683.json]
[2025-07-02 11:03:36,662] INFO] Saved article to queue\a5a2f1ee-8fdd-46af-a513-c0e50e983c36.json]
[2025-07-02 11:03:36,663] INFO] Saved article to queue\424f7253-29e1-401f-806b-814bda4b1a97.json]
[2025-07-02 11:03:36,664] INFO] Saved article to queue\ac97ddb2-e521-444f-a916-e66a80a50861.json]
[2025-07-02 11:03:36,665] INFO] Saved article to queue\d093a28d-fdb7-41b3-a2b0-01496059d1ad.json]
[2025-07-02 11:03:36,666] INFO] Saved article to queue\9e12de8b-44d0-41e4-9c47-42aebec29f6f.json]
[2025-07-02 11:03:36,670] INFO] Saved article to queue\cb17b7af-9d3a-41a9-8622-6584f5dc3860.json]
[2025-07-02 11:03:36,671] INFO] Saved article to queue\93897c38-bd92-4450-97e9-49975b9ced8c.json]
[2025-07-02 11:03:36,672] INFO] Saved article to queue\04a33d80-e51f-4d6b-8364-e80491beb63b.json]
[2025-07-02 11:03:36,673] INFO] Saved article to queue\5eb0cbef-326d-4dfc-bfd0-8b8362028272.json]
[2025-07-02 11:03:36,674] INFO] Saved article to queue\2b7cde00-6c7e-4eb0-bd4d-c5d57c8b62e0.json]
[2025-07-02 11:03:36,675] INFO] Saved article to queue\b2dc8bdd-5da5-4406-8fea-ed3447fae7df.json]
[2025-07-02 11:03:36,676] INFO] Saved article to queue\6648368e-3a6b-49f5-bb66-fd2c66c5ef71.json]
[2025-07-02 11:03:36,677] INFO] Saved article to queue\9e5f44da-3e24-4db6-a2a0-927f2ca338d1.json]
[2025-07-02 11:03:36,678] INFO] Saved article to queue\70f8e624-223e-44a3-b23b-f8c5885aa120.json]
[2025-07-02 11:03:36,679] INFO] Saved article to queue\5cf5b7cb-5d7c-4cc7-9340-2099329c8b2b.json]
[2025-07-02 11:03:36,680] INFO] Saved article to queue\303f7220-eb83-4211-a6f2-fa29f896cee5.json]
[2025-07-02 11:03:36,681] INFO] Saved article to queue\3cdfe4e3-ad98-4329-b9d8-564215f3aa00.json]
[2025-07-02 11:03:36,682] INFO] Saved article to queue\2ad43652-5464-49fc-a9c8-a94b7e6c9e28.json]
[2025-07-02 11:03:36,683] INFO] Saved article to queue\55e0d4d9-86dc-4e64-82a3-8e8eafe0bd95.json]
[2025-07-02 11:03:36,684] INFO] Saved article to queue\5aa4d78d-2194-4fe4-9b23-c007a765e878.json]
[2025-07-02 11:03:36,685] INFO] Saved article to queue\d96875d7-1a16-4728-8f70-476a07017b5e.json]
[2025-07-02 11:03:36,686] INFO] Saved article to queue\4bb0a313-3701-45a6-8308-420949197da8.json]
[2025-07-02 11:03:36,688] INFO] Saved article to queue\1036bf50-ff4e-42bb-8393-c4770539eaf8.json]
[2025-07-02 11:03:36,689] INFO] Saved article to queue\6c4051cf-aa7d-4a83-8b94-c8c207aacde4.json]
[2025-07-02 11:03:36,690] INFO] Saved article to queue\b772a144-e0c3-4521-bc54-975751bccdff.json]
[2025-07-02 11:03:36,691] INFO] Saved article to queue\9fdedbf4-e404-4295-935d-d3bcbce9fc05.json]
[2025-07-02 11:03:36,692] INFO] Saved article to queue\66fdec63-0f08-4a61-b3b8-4408efe90cd9.json]
[2025-07-02 11:03:36,693] INFO] Saved article to queue\60b91aca-1ffc-4656-85b7-a0628c0b71c0.json]
[2025-07-02 11:03:36,694] INFO] Saved article to queue\6ec69f4c-0bfc-4b00-955c-4e89e73e7742.json]
[2025-07-02 11:03:36,696] INFO] Saved article to queue\8b99c3aa-3dd9-4014-a307-39ce3c3e119c.json]
[2025-07-02 11:03:36,698] INFO] Saved article to queue\ed9f87d9-31dc-43bf-9a56-8c21257c5c6b.json]
[2025-07-02 11:03:36,699] INFO] Saved article to queue\bf6d529f-7300-4257-ad8e-69a98f42b983.json]
[2025-07-02 11:03:36,701] INFO] Saved article to queue\b9aca4e6-7d5d-4d93-8dbd-d315aee368ea.json]
[2025-07-02 11:03:36,702] INFO] Saved article to queue\8da0278d-5a37-4bf5-892e-024216fe9c1a.json]
[2025-07-02 11:03:36,704] INFO] Saved article to queue\b6b8d632-159b-4bb8-9343-e587b2b31cb4.json]
[2025-07-02 11:03:36,705] INFO] Saved article to queue\561d4dc3-da09-450d-95d4-70c72bff78a7.json]
[2025-07-02 11:03:36,707] INFO] Saved article to queue\eb1a7aae-74e3-45a3-aeee-3994ce25fe15.json]
[2025-07-02 11:03:36,708] INFO] Saved article to queue\36681645-c32f-4dc1-938a-0aa0cbfcb181.json]
[2025-07-02 11:03:36,709] INFO] Saved article to queue\0710fdd6-7ac9-411c-9900-c064e7587f09.json]
[2025-07-02 11:03:36,710] INFO] Saved article to queue\6da7e5fb-6186-4461-a6dc-91c854cdb352.json]
[2025-07-02 11:03:36,711] INFO] Saved article to queue\11bddd7d-a691-4edd-b9cc-759193d51143.json]
[2025-07-02 11:03:36,712] INFO] Saved article to queue\3f35b319-68d4-40cd-be59-a9d40f572557.json]
[2025-07-02 11:03:36,713] INFO] Saved article to queue\953c405c-c8cf-4433-a8e9-1627d6541fc5.json]
[2025-07-02 11:03:36,714] INFO] Saved article to queue\8a2971c9-fd12-4cee-8d7d-eb0df5df0b78.json]
[2025-07-02 11:03:36,715] INFO] Saved article to queue\7c182644-cfcb-49c7-a416-d33896493ed7.json]
[2025-07-02 11:03:36,717] INFO] Saved article to queue\1efde8d8-b11e-4bff-9f74-bdd0caa93869.json]
[2025-07-02 11:03:36,718] INFO] Saved article to queue\dd0c541b-5e32-43c1-acd1-1423c12a2a48.json]
[2025-07-02 11:03:36,719] INFO] Saved article to queue\c5b4b359-aba4-4d32-a1aa-4ce8e9d1b5c8.json]
[2025-07-02 11:03:36,721] INFO] Saved article to queue\a04bb6d1-ad48-4408-a6be-fab87eea5c03.json]
[2025-07-02 11:03:36,723] INFO] Saved article to queue\a534112c-637f-4d64-a389-27fb5dc774c6.json]
[2025-07-02 11:03:36,724] INFO] Saved article to queue\a7df9d49-8c94-458c-bfef-210e765db54a.json]
[2025-07-02 11:03:36,725] INFO] Saved article to queue\7d1b7dfb-c845-4d92-89af-dfb43a566f52.json]
[2025-07-02 11:03:36,727] INFO] Saved article to queue\a899f7ad-eb9d-4346-8deb-40e71b000141.json]
[2025-07-02 11:03:36,728] INFO] Saved article to queue\337bf722-9f43-4311-a790-b505c211304a.json]
[2025-07-02 11:03:36,730] INFO] Saved article to queue\8e01c3c0-37f8-4122-bb46-19081772afcc.json]
[2025-07-02 11:03:36,731] INFO] Saved article to queue\7093917b-cbd6-4ebb-b6fd-9b4769193a87.json]
[2025-07-02 11:03:36,732] INFO] Saved article to queue\d74a6dff-b492-42b1-86c2-9e4482269384.json]
[2025-07-02 11:03:36,734] INFO] Saved article to queue\9eb3c028-3e5d-4f19-a19a-29851411451c.json]
[2025-07-02 11:03:36,735] INFO] Saved article to queue\9cf7d53d-33fe-473a-b14c-a0b8e5fe6ae1.json]
[2025-07-02 11:03:36,737] INFO] Saved article to queue\41513f27-3d1f-41c5-aef2-744cc2dcc2a0.json]
[2025-07-02 11:03:36,739] INFO] Saved article to queue\9696d723-3ac1-4571-8e52-95f9733e5d0e.json]
[2025-07-02 11:03:36,740] INFO] Saved article to queue\0732a841-9836-4dc1-bcd4-aabcb342aa75.json]
[2025-07-02 11:03:36,742] INFO] Saved article to queue\70e45a60-1982-4c7d-9b3b-51930bb561f6.json]
[2025-07-02 11:03:36,743] INFO] Saved article to queue\f4635bc2-b8d2-4281-979e-3250bdfa2325.json]
[2025-07-02 11:03:36,744] INFO] Saved article to queue\f03b188d-f983-4823-ae7b-f31283c5a699.json]
[2025-07-02 11:03:36,746] INFO] Saved article to queue\de24838f-1fdb-4bbf-ac23-251589938002.json]
[2025-07-02 11:03:36,747] INFO] Saved article to queue\52679c58-9bda-4f81-96bb-18c336e7501e.json]
[2025-07-02 11:03:36,749] INFO] Saved article to queue\6afc90b6-98ff-449b-a8aa-4427e7d5ca17.json]
[2025-07-02 11:03:36,750] INFO] Saved article to queue\be8cb16b-8db6-40ce-9e26-996ae384497a.json]
[2025-07-02 11:03:36,751] INFO] Saved article to queue\44f429f8-b5e1-4cb5-866c-7a4a917a66c1.json]
[2025-07-02 11:03:36,752] INFO] Saved article to queue\25dd88c3-340a-437f-b6af-488e39091f36.json]
[2025-07-02 11:03:36,754] INFO] Saved article to queue\607f8fb0-45c2-45a8-a3a1-812ff6769eea.json]
[2025-07-02 11:03:36,755] INFO] Saved article to queue\cb53bf8c-72f7-452f-a577-913a48249ee9.json]
[2025-07-02 11:03:36,756] INFO] Saved article to queue\f718058f-b5d2-4b1c-abc1-8e45756b959f.json]
[2025-07-02 11:03:36,757] INFO] Saved article to queue\102e75b4-1b3c-4919-9e4b-66cac6d676e0.json]
[2025-07-02 11:03:36,758] INFO] Saved article to queue\713cdebf-faf5-4fa7-a21f-abaea79fe8a7.json]
[2025-07-02 11:03:36,760] INFO] Saved article to queue\b1a28c89-ad51-4332-86a5-d36618823ad8.json]
[2025-07-02 11:03:36,760] INFO] Saved article to queue\19aaac87-6bc7-46d0-a24e-a85315e7ddfe.json]
[2025-07-02 11:03:36,761] INFO] Saved article to queue\65b8cd94-3b4b-4185-b62b-dc9e92cc3dea.json]
[2025-07-02 11:03:36,762] INFO] Saved article to queue\2174ff25-d454-4d72-b8c0-00f8fd55ad69.json]
[2025-07-02 11:03:36,763] INFO] Saved article to queue\699396e4-749b-4c25-87a0-4071b35d8113.json]
[2025-07-02 11:03:36,764] INFO] Saved article to queue\44664943-484b-4bc4-b591-9dbf6999d849.json]
[2025-07-02 11:03:36,765] INFO] Saved article to queue\54d83c85-afa7-445f-b055-25453b92d51e.json]
[2025-07-02 11:03:36,766] INFO] Saved article to queue\7477beac-1610-44a4-b3ef-a893bb2a6eb7.json]
[2025-07-02 11:03:36,767] INFO] Saved article to queue\ae2e58d4-26b0-407d-80dc-463e397b8693.json]
[2025-07-02 11:03:36,768] INFO] Saved article to queue\a9b89ff4-ebb1-44d6-b500-81fd8e49dc09.json]
[2025-07-02 11:03:36,769] INFO] Saved article to queue\a6834094-b29c-476a-947d-0ad804444eda.json]
[2025-07-02 11:03:36,770] INFO] Saved article to queue\c094f343-6ef5-4471-a436-cfe2d8488fc5.json]
[2025-07-02 11:03:36,771] INFO] Saved article to queue\6f79181a-1781-4924-bfbe-10e08cb8a3df.json]
[2025-07-02 11:03:36,772] INFO] Saved article to queue\b02b91af-d179-4f4d-bf44-b322175d0f32.json]
[2025-07-02 11:03:36,773] INFO] Saved article to queue\6d80eec3-68df-4f61-b061-32d634f71d2f.json]
[2025-07-02 11:03:36,774] INFO] Saved article to queue\360b267f-3e76-4e18-8463-3eea2d40efb5.json]
[2025-07-02 11:03:36,775] INFO] Saved article to queue\b0fe94fc-0440-46b9-a41a-b2555b4f7412.json]
[2025-07-02 11:03:36,776] INFO] Saved article to queue\308918f5-6173-410c-a813-00986e6f2a27.json]
[2025-07-02 11:03:36,777] INFO] Saved article to queue\65ffda22-fe28-4a1a-96d5-d1950a20e5c7.json]
[2025-07-02 11:03:36,778] INFO] Saved article to queue\df935c00-9a4c-4e3a-937c-e2fd82ad9781.json]
[2025-07-02 11:03:36,779] INFO] Saved article to queue\0fe4a062-2869-4e2a-ba0f-133c7e9063f1.json]
[2025-07-02 11:03:36,780] INFO] Saved article to queue\a1d86f4a-20f1-4c96-b7e6-1bcca5b3cc3a.json]
[2025-07-02 11:03:36,780] INFO] Saved article to queue\e95b4bfc-a870-4131-b7ad-ba8136a3ffd4.json]
[2025-07-02 11:03:36,782] INFO] Saved article to queue\769ab615-e5a1-405e-b858-1bdf9ab6a379.json]
[2025-07-02 11:03:36,783] INFO] Saved article to queue\e2cbcefd-aff5-4330-8c9c-45cfcba6b3d0.json]
[2025-07-02 11:03:36,783] INFO] Saved article to queue\68030165-1729-4724-92be-fc8aa2f9ef68.json]
[2025-07-02 11:03:36,784] INFO] Saved article to queue\60bb42a8-05f7-40e9-a12b-947ddf9da6b4.json]
[2025-07-02 11:03:36,786] INFO] Saved article to queue\a225c693-be5a-492e-8b1b-8c6f1f1a3cc0.json]
[2025-07-02 11:03:36,787] INFO] Saved article to queue\cbd7fc88-5d6b-49b4-ae4a-f42ddb5e4eb6.json]
[2025-07-02 11:03:36,788] INFO] Saved article to queue\5fa15e9e-3ff1-47a2-8deb-810b66cdd965.json]
[2025-07-02 11:03:36,789] INFO] Saved article to queue\f119de06-b4db-4540-89c3-aa5723ac685c.json]
[2025-07-02 11:03:36,790] INFO] Saved article to queue\bc6fc4f3-4dae-40dc-b4b7-cb8c185b3481.json]
[2025-07-02 11:03:36,791] INFO] Saved article to queue\644f8536-adef-42a7-831d-6233900690e7.json]
[2025-07-02 11:03:36,792] INFO] Saved article to queue\009e4d74-1a91-42ea-8a9a-b394e024c09a.json]
[2025-07-02 11:03:36,793] INFO] Saved article to queue\2868e985-afd8-4c02-839c-7a6c4bb9d061.json]
[2025-07-02 11:03:36,794] INFO] Saved article to queue\3fd295ff-40d9-4c9b-a90e-011fedd6d639.json]
[2025-07-02 11:03:36,795] INFO] Saved article to queue\01d1f5b3-a945-4819-af18-4ad943e58a72.json]
[2025-07-02 11:03:36,796] INFO] Saved article to queue\f7b08f9d-dda9-4683-b24d-94168e4a9731.json]
[2025-07-02 11:03:36,797] INFO] Saved article to queue\36cc4102-421d-4899-b2a9-5c9ecaa43a31.json]
[2025-07-02 11:03:36,798] INFO] Saved article to queue\5d29ccfa-e429-4608-9b34-ae48f3e20b87.json]
[2025-07-02 11:03:36,799] INFO] Saved article to queue\cc73e2c3-bc72-4f96-8472-c3064d0302a6.json]
[2025-07-02 11:03:36,800] INFO] Saved article to queue\be4820d0-e5bb-4250-b0b1-4179ebab6e4f.json]
[2025-07-02 11:03:36,801] INFO] Saved article to queue\1054460c-99d0-4ca6-a90b-86d832463af7.json]
[2025-07-02 11:03:36,802] INFO] Saved article to queue\bad512d1-6bb9-42ff-891a-1a84f625baaf.json]
[2025-07-02 11:03:36,803] INFO] Saved article to queue\aa24ef91-4023-4871-8bdb-ce8a061d7473.json]
[2025-07-02 11:03:36,804] INFO] Saved article to queue\81e91570-5e72-47c5-993b-1f79f5c9863a.json]
[2025-07-02 11:03:36,805] INFO] Saved article to queue\71e2fd11-e098-4cf8-a918-54bffc7f2e3e.json]
[2025-07-02 11:03:36,806] INFO] Saved article to queue\e2c7a90a-2bbd-4d2a-9fb6-efae933d5ed4.json]
[2025-07-02 11:03:36,807] INFO] Saved article to queue\0eceb7a3-c8d8-4745-badf-253fcaa04a99.json]
[2025-07-02 11:03:36,808] INFO] Saved article to queue\a18584ba-3bc3-46b2-a729-70712b5ce320.json]
[2025-07-02 11:03:36,809] INFO] Saved article to queue\2b4269a5-e44b-4954-bc16-7b43b6337a06.json]
[2025-07-02 11:03:36,811] INFO] Saved article to queue\b1c19cab-d1f4-40da-b09d-70e3a6e33c68.json]
[2025-07-02 11:03:36,811] INFO] Saved article to queue\f0f9aa11-e152-49c2-9241-2329efb08989.json]
[2025-07-02 11:03:36,816] INFO] Saved article to queue\1c9931f3-6094-4ec9-b488-feb9187ed878.json]
[2025-07-02 11:03:36,817] INFO] Saved article to queue\d485924b-8d5a-4e3b-a5aa-50d7fc2689fc.json]
[2025-07-02 11:03:36,818] INFO] Saved article to queue\3be045e1-0ca6-4bf6-9626-2f93c45085ad.json]
[2025-07-02 11:03:36,821] INFO] Saved article to queue\4950d50d-aedb-45f5-9420-eced6d8e4973.json]
[2025-07-02 11:03:36,824] INFO] Saved article to queue\114e880d-9858-43be-b199-0d27bd68f37f.json]
[2025-07-02 11:03:36,828] INFO] Saved article to queue\3d3a9218-4b43-491f-ab3c-71a3953b29be.json]
[2025-07-02 11:03:36,831] INFO] Saved article to queue\eefa8bc0-a8c0-4318-878d-6b21b7e10e5a.json]
[2025-07-02 11:03:36,832] INFO] Saved article to queue\2d6e61dd-938b-4842-982b-557a60981d3b.json]
[2025-07-02 11:03:36,833] INFO] Saved article to queue\b544a1fa-246f-4259-a52d-a59fdc8ea164.json]
[2025-07-02 11:03:36,840] INFO] Saved article to queue\a5f4c77d-36fc-47e8-bc13-a436d317bbd6.json]
[2025-07-02 11:03:36,841] INFO] Saved article to queue\b624b602-7c13-47b7-b4f4-c85bca337b51.json]
[2025-07-02 11:03:36,842] INFO] Saved article to queue\2a5128be-ede6-4fe2-98e1-18ee9ef6a8ab.json]
[2025-07-02 11:03:36,843] INFO] Saved article to queue\95ce9c6f-f2b4-46ad-9951-8b32763a3687.json]
[2025-07-02 11:03:36,844] INFO] Saved article to queue\205abb77-e854-4a3d-957d-9dcec731c2d5.json]
[2025-07-02 11:03:36,846] INFO] Saved article to queue\46cb38db-41e7-4937-a569-efc7be19f37a.json]
[2025-07-02 11:03:36,847] INFO] Saved article to queue\e8843fcd-3a5b-4a24-b831-d7bd6db7d07e.json]
[2025-07-02 11:03:36,849] INFO] Saved article to queue\a13521c7-69a2-40fe-b298-4136465f29e0.json]
[2025-07-02 11:03:36,851] INFO] Saved article to queue\a26ca6bf-07a2-4c32-86d1-91b413ad09e0.json]
[2025-07-02 11:03:36,853] INFO] Saved article to queue\435fc617-ef4f-4c5e-b168-8bad8ca9db63.json]
[2025-07-02 11:03:36,854] INFO] Saved article to queue\28b290b3-ccb6-41b1-87fa-8e11c659a5d8.json]
[2025-07-02 11:03:36,855] INFO] Saved article to queue\f2ba98c3-4ac6-43a5-8f90-ec1645f90042.json]
[2025-07-02 11:03:36,857] INFO] Saved article to queue\f801b30c-33c3-4254-a80f-65b802db71d9.json]
[2025-07-02 11:03:36,858] INFO] Saved article to queue\f963b1e6-c292-40b2-b00a-5d2f65d116e1.json]
[2025-07-02 11:03:36,859] INFO] Saved article to queue\7714ad09-e297-4cf1-9dee-893cccf4b2a6.json]
[2025-07-02 11:03:36,860] INFO] Saved article to queue\f2904d5f-43df-44f0-8062-c42e4e666fa5.json]
[2025-07-02 11:03:36,861] INFO] Saved article to queue\558de24f-4b08-41bd-b63e-483edb667eb1.json]
[2025-07-02 11:03:36,863] INFO] Saved article to queue\5a0110d8-0e33-4ea3-95dd-c98803c6698a.json]
[2025-07-02 11:03:36,895] INFO] Saved article to queue\090442ea-3b7c-4efc-ac49-c29a6f8153e7.json]
[2025-07-02 11:03:36,899] INFO] Saved article to queue\c96f5fd3-34ba-40d9-9426-0c566596e959.json]
[2025-07-02 11:03:36,906] INFO] Saved article to queue\74c05e52-0450-4329-8e11-ac76755b4e70.json]
[2025-07-02 11:03:36,912] INFO] Saved article to queue\e4943956-6889-4b25-a407-6542fa7405a0.json]
[2025-07-02 11:03:36,919] INFO] Saved article to queue\6db9a764-bcac-4812-8cc3-f0f441789c80.json]
[2025-07-02 11:03:36,921] INFO] Saved article to queue\dd224120-428b-42f9-9253-b04171b53e13.json]
[2025-07-02 11:03:36,923] INFO] Saved article to queue\8e628e9f-01ec-4b2b-8f07-530c4cba3067.json]
[2025-07-02 11:03:36,924] INFO] Saved article to queue\205a28ab-d9af-4e28-892f-54dcdd2037ea.json]
[2025-07-02 11:03:36,930] INFO] Saved article to queue\ded49d05-492f-4abd-a809-58c22077364d.json]
[2025-07-02 11:03:36,931] INFO] Saved article to queue\17b56e75-53e6-45db-be0b-098feb1e61f7.json]
[2025-07-02 11:03:36,932] INFO] Saved article to queue\c9ef34a5-c26b-4ac9-8158-176fad018215.json]
[2025-07-02 11:03:36,934] INFO] Saved article to queue\fbd628b2-b0d1-48d5-80b2-79acd65e7fb6.json]
[2025-07-02 11:03:36,939] INFO] Saved article to queue\c5a6a016-4953-4ed9-b803-024197a1d8a6.json]
[2025-07-02 11:03:36,943] INFO] Saved article to queue\12078105-644a-4eac-8957-a7918261f7ad.json]
[2025-07-02 11:03:36,952] INFO] Saved article to queue\e4623e3b-461a-4e91-8ad6-2eff4bfc1cc3.json]
[2025-07-02 11:03:36,956] INFO] Saved article to queue\462f8730-6c12-44d3-9e9a-43a4b7e4e850.json]
[2025-07-02 11:03:36,961] INFO] Saved article to queue\26c98a99-b156-4d42-8b73-7b23ddb15ceb.json]
[2025-07-02 11:03:36,962] INFO] Saved article to queue\ae2224de-4ca6-4522-8df1-e57503ee6456.json]
[2025-07-02 11:03:36,967] INFO] Saved article to queue\5295d68d-011f-48b1-be58-b830d347adcb.json]
